CustomerID,Age,Gender,City,AnnualIncome,SpendingScore,ProductCategory,Quantity,Price,Rating,DaysSinceLastPurchase,TotalSpend
CUST1000,40,Male,Delhi,73375.0,64.2,Electronics,5,4054.64,4.7,42,20273.2
CUST1001,33,Male,Gwalior,104209.0,1.0,Fashion,4,1412.95,5.0,8,5651.8
CUST1002,42,Female,Gwalior,90989.0,18.8,Home & Kitchen,3,1410.52,3.7,66,4231.56
CUST1003,53,Female,Delhi,68030.0,36.0,Fashion,4,1239.67,3.3,15,4958.68
CUST1004,32,Male,Indore,42597.0,93.2,Books,3,354.94,3.6,26,1064.82
CUST1005,32,Female,Bengaluru,63499.0,74.0,Home & Kitchen,3,2166.24,3.0,53,6498.72
CUST1006,53,Male,Bengaluru,65272.0,64.3,Electronics,3,9621.52,4.6,6,28864.56
CUST1007,44,Female,Delhi,64969.0,75.1,Books,3,257.91,5.0,46,773.73
CUST1008,29,Female,Lucknow,227826.04265247387,56.7,Toys,3,2000.95,3.3,27,6002.85
CUST1009,41,Female,Mumbai,61126.0,65.2,Electronics,2,25327.52,2.8,67,50655.04
CUST1010,29,Female,Gwalior,43218.0,71.0,Home & Kitchen,1,1570.61,4.8,6,1570.61
CUST1011,29,Female,Bengaluru,33695.0,96.1,Fashion,6,2824.44,4.2,16,16946.64
CUST1012,37,Male,Gwalior,77302.0,43.9,Grocery,6,511.4,4.2,54,3068.4
CUST1013,18,Female,Delhi,69312.0,45.4,Electronics,2,12636.4,5.0,1,25272.8
CUST1014,18,Male,Bengaluru,53159.0,75.0,Home & Kitchen,3,2437.52,2.7,4,7312.56
CUST1015,28,Female,Jaipur,44487.0,88.0,Toys,1,614.44,2.6,140,614.44
CUST1016,22,Female,Mumbai,53195.0,53.2,Grocery,2,889.33,3.8,10,1778.66
CUST1017,38,Female,Pune,62101.0,57.0,Electronics,3,12619.73,4.0,111,37859.19
CUST1018,24,Male,Lucknow,59812.0,40.9,Home & Kitchen,1,2066.12,3.6,6,2066.12
CUST1019,18,Female,Gwalior,53108.0,20.3,Fashion,3,890.15,5.0,13,2670.45
CUST1020,52,Female,Delhi,90814.0,38.8,Books,5,279.79,3.6,42,1398.95
CUST1021,32,Female,Mumbai,63329.0,68.1,Grocery,4,311.18,3.4,32,1244.72
CUST1022,35,Male,Mumbai,85170.0,44.4,Electronics,4,12058.82,4.0,26,48235.28
CUST1023,18,Male,Mumbai,65930.0,20.0,Electronics,6,7435.31,4.8,23,44611.86
CUST1024,28,Male,Jaipur,72950.0,43.1,Sports,4,1798.45,3.2,56,7193.8
CUST1025,36,Male,Pune,80850.0,3.2,Fashion,7,2594.79,3.8,8,18163.53
CUST1026,21,Female,Bengaluru,54570.0,88.8,Sports,2,3231.24,4.8,18,6462.48
CUST1027,39,Male,Delhi,108224.0,1.7,Fashion,5,1480.76,4.8,5,7403.8
CUST1028,27,Female,Jaipur,59448.0,82.8,Fashion,1,1448.65,4.1,27,1448.65
CUST1029,31,Male,Lucknow,41104.0,91.9,Grocery,3,1272.68,5.0,9,3818.04
CUST1030,27,Male,Jaipur,79261.0,28.2,Toys,5,985.27,5.0,12,4926.35
CUST1031,57,Female,Gwalior,,9.6,Toys,3,701.69,2.6,19,2105.07
CUST1032,34,Female,Pune,55801.0,69.5,Fashion,4,847.94,2.4,1,3391.76
CUST1033,22,Male,Gwalior,39461.0,61.0,Fashion,1,1755.96,4.6,3,1755.96
CUST1034,44,Female,Delhi,74665.0,49.9,Electronics,1,16720.51,5.0,35,16720.51
CUST1035,20,Female,Gwalior,52942.0,56.7,Grocery,3,466.04,3.7,17,1398.12
CUST1036,37,Male,Bengaluru,65721.0,23.2,Grocery,6,674.12,3.4,60,4044.72
CUST1037,18,Female,Pune,54160.0,24.3,Books,2,345.86,3.2,36,691.72
CUST1038,19,Female,Gwalior,78538.0,49.0,Toys,2,743.22,2.8,0,1486.44
CUST1039,37,Female,Mumbai,76487.0,36.5,Grocery,3,221.81,4.9,29,665.43
CUST1040,43,Male,Mumbai,70717.0,41.3,Grocery,3,549.07,3.6,3,1647.21
CUST1041,37,Female,Mumbai,74928.0,60.4,Books,2,589.46,4.2,46,1178.92
CUST1042,33,Male,Gwalior,40984.0,96.1,Sports,1,1553.62,2.3,143,1553.62
CUST1043,31,Male,Mumbai,71106.0,46.0,Electronics,4,12254.79,4.8,23,49019.16
CUST1044,18,Male,Indore,87537.0,31.6,Fashion,2,1108.59,4.4,34,2217.18
CUST1045,26,Male,Gwalior,48829.0,77.7,Grocery,2,693.05,2.7,8,1386.1
CUST1046,29,Female,Gwalior,49517.0,43.8,Fashion,2,1375.55,4.1,17,2751.1
CUST1047,47,Female,Mumbai,75703.0,51.2,Electronics,3,8241.73,3.9,58,24725.19
CUST1048,39,Female,Lucknow,58728.0,70.7,Electronics,3,20448.86,3.5,5,61346.58
CUST1049,18,Male,Pune,31044.0,95.2,Home & Kitchen,3,3625.03,1.3,9,10875.09
CUST1050,38,Male,Pune,78684.0,10.0,Fashion,1,1177.63,3.3,18,1177.63
CUST1051,30,Male,Mumbai,34698.0,66.3,Electronics,4,14643.87,4.2,37,58575.48
CUST1052,26,Female,Bengaluru,51949.0,50.4,Fashion,5,1859.73,3.4,14,9298.65
CUST1053,42,Male,Gwalior,76850.0,48.1,Sports,2,2585.88,3.7,79,5171.76
CUST1054,47,Female,Pune,59011.0,69.2,Books,6,203.11,5.0,3,1218.66
CUST1055,46,Female,Lucknow,90113.0,62.6,Grocery,3,8922.03616187375,3.8,14,2692.38
CUST1056,24,Male,Bengaluru,56548.0,53.6,Grocery,2,477.73,2.0,37,955.46
CUST1057,31,Female,Jaipur,71408.0,41.7,Toys,4,693.31,3.7,8,2773.24
CUST1058,38,Male,Indore,62569.0,78.4,Fashion,3,4308.62,4.0,32,12925.86
CUST1059,46,Female,Gwalior,95885.0,36.4,Fashion,2,1692.51,3.2,5,3385.02
CUST1060,29,Female,Jaipur,37603.0,100.0,Fashion,3,1285.23,4.6,2,3855.69
CUST1061,32,Male,Gwalior,82809.0,46.7,Electronics,2,4966.87,2.6,4,9933.74
CUST1062,21,Male,Bengaluru,62050.0,37.3,Fashion,5,2615.28,3.8,80,13076.4
CUST1063,20,Female,Gwalior,62872.0,33.5,Books,4,233.55,2.6,24,934.2
CUST1064,44,Female,Gwalior,48235.0,41.3,Home & Kitchen,4,1673.5,3.6,48,6694.0
CUST1065,51,Male,Mumbai,66852.0,66.2,Grocery,6,525.52,4.5,12,3153.12
CUST1066,34,Female,Delhi,87765.0,59.0,Toys,2,1409.76,3.8,27,2819.52
CUST1067,47,Female,Mumbai,62254.0,91.3,Electronics,4,16349.59,3.7,20,65398.36
CUST1068,39,Female,Bengaluru,70271.0,66.8,Fashion,4,1408.23,3.9,87,5632.92
CUST1069,27,Male,Gwalior,34347.0,100.0,Home & Kitchen,6,2828.11,4.0,41,16968.66
CUST1070,39,Female,Gwalior,81124.0,32.5,Home & Kitchen,3,1966.27,4.5,39,5898.81
CUST1071,53,Female,Bengaluru,59928.0,39.0,Electronics,1,12689.41,4.5,1,12689.41
CUST1072,34,Male,Delhi,64907.0,71.2,Grocery,3,617.86,5.0,24,1853.58
CUST1073,53,Male,Indore,85077.0,47.3,Home & Kitchen,5,3683.26,4.1,19,18416.3
CUST1074,18,Female,Pune,43720.0,74.8,Beauty,2,1325.13,2.4,79,2650.26
CUST1075,44,Male,Jaipur,89141.0,43.5,Home & Kitchen,5,3046.16,4.7,9,15230.8
CUST1076,36,Female,Pune,62488.0,63.6,Fashion,3,1297.61,5.0,9,3892.83
CUST1077,31,Male,Mumbai,,75.6,Electronics,2,16145.41,5.0,16,32290.82
CUST1078,36,Male,Pune,45461.0,94.7,Grocery,3,578.33,5.0,8,1734.99
CUST1079,18,Female,Delhi,20446.0,100.0,Electronics,3,7784.55,3.5,4,23353.65
CUST1080,32,Male,Delhi,70194.0,66.9,Toys,3,680.82,4.1,58,2042.46
CUST1081,39,Male,Indore,49996.0,77.0,Grocery,4,620.63,3.7,25,2482.52
CUST1082,52,Male,Mumbai,96543.0,22.3,Fashion,5,2158.8,3.5,59,10794.0
CUST1083,28,Female,Indore,49251.0,82.0,Sports,3,1858.44,3.8,53,5575.32
CUST1084,25,Male,Jaipur,73331.0,24.0,Grocery,1,369.91,5.0,10,369.91
CUST1085,28,Male,Jaipur,46799.0,89.3,Fashion,3,1534.43,2.5,24,4603.29
CUST1086,45,Female,Lucknow,70326.0,30.0,Sports,3,2092.86,3.0,3,6278.58
CUST1087,38,Male,Mumbai,81016.0,48.1,Books,2,430.87,5.0,74,861.74
CUST1088,28,Female,Delhi,64285.0,41.2,Beauty,2,1300.29,5.0,16,2600.58
CUST1089,41,Male,Bengaluru,68969.0,62.6,Electronics,2,18037.92,,15,36075.84
CUST1090,36,Female,Mumbai,80950.0,42.4,Home & Kitchen,2,1971.13,5.0,11,3942.26
CUST1091,46,Male,Bengaluru,44846.0,43.2,Sports,3,1563.13,4.8,19,4689.39
CUST1092,26,Female,Pune,60193.0,67.2,Electronics,2,7915.53,3.7,9,15831.06
CUST1093,31,Male,Pune,72199.0,39.6,Fashion,3,1983.75,1.7,14,5951.25
CUST1094,30,Male,Mumbai,41912.0,90.1,Books,5,714.08,2.4,48,3570.4
CUST1095,18,Male,Gwalior,52668.0,65.7,Electronics,5,10579.03,3.3,54,52895.15
CUST1096,38,Male,Mumbai,62479.0,64.9,Sports,3,1815.89,4.6,11,5447.67
CUST1097,38,Male,Gwalior,58657.0,43.6,Grocery,3,1078.84,4.6,19,3236.52
CUST1098,35,Male,Jaipur,75993.0,36.4,Grocery,3,734.47,3.5,62,2203.41
CUST1099,32,Female,Delhi,81639.0,34.2,Electronics,1,14287.73,3.7,2,14287.73
CUST1100,18,Male,Gwalior,59104.0,75.9,Sports,2,1242.07,3.9,66,2484.14
CUST1101,29,Male,Gwalior,41611.0,100.0,Fashion,1,1967.88,3.7,7,1967.88
CUST1102,30,Female,Pune,67056.0,39.7,Home & Kitchen,2,1723.98,4.0,34,3447.96
CUST1103,25,Female,Pune,74851.0,67.3,Beauty,2,571.8,3.9,26,1143.6
CUST1104,33,Male,Delhi,65445.0,16.4,Beauty,4,783.43,,24,3133.72
CUST1105,39,Male,Gwalior,90580.0,13.8,Toys,3,632.89,3.7,59,1898.67
CUST1106,57,Male,Mumbai,120639.0,1.0,Home & Kitchen,3,2287.94,3.9,3,6863.82
CUST1107,37,Female,Delhi,83542.0,16.6,Grocery,4,337.15,4.8,13,1348.6
CUST1108,38,Female,Pune,63831.0,28.2,Toys,2,1173.96,3.2,23,2347.92
CUST1109,34,Male,Bengaluru,85880.0,46.5,Home & Kitchen,7,3925.0,4.1,50,27475.0
CUST1110,18,Female,Mumbai,52267.0,62.1,Fashion,3,688.34,4.4,7,2065.02
CUST1111,34,Female,Delhi,65511.0,62.2,Electronics,5,17748.3,3.8,49,88741.5
CUST1112,35,Female,Lucknow,54836.0,76.4,Sports,3,1446.19,2.3,15,4338.57
CUST1113,64,Female,Mumbai,122965.0,14.2,Fashion,1,2113.31,4.8,6,2113.31
CUST1114,32,Male,Pune,51862.0,78.1,Beauty,4,875.69,4.6,43,3502.76
CUST1115,38,Male,Gwalior,83141.0,40.0,Grocery,2,606.95,4.1,3,1213.9
CUST1116,34,Male,Mumbai,67289.0,32.6,Electronics,2,11143.63,3.9,22,22287.26
CUST1117,20,Male,Gwalior,39410.0,95.3,Home & Kitchen,3,4059.84,2.3,2,12179.52
CUST1118,48,Female,Bengaluru,74102.0,37.9,Electronics,2,7308.74,4.6,13,14617.48
CUST1119,44,Female,Lucknow,59139.0,43.6,Grocery,4,765.15,5.0,28,3060.6
CUST1120,44,Male,Mumbai,83077.0,38.1,Home & Kitchen,3,3883.83,2.9,24,11651.49
CUST1121,24,Male,Gwalior,67862.0,37.1,Grocery,5,799.08,5.0,16,3995.4
CUST1122,51,Male,Gwalior,64538.0,48.6,Beauty,1,2280.78,4.9,17,2280.78
CUST1123,18,Female,Mumbai,45342.0,77.7,Sports,3,1618.61,2.9,8,4855.83
CUST1124,42,Male,Gwalior,114899.0,22.1,Sports,3,2933.13,3.5,18,8799.39
CUST1125,61,Male,Gwalior,75147.0,31.5,Electronics,3,11501.42,2.6,92,34504.26
CUST1126,23,Male,Indore,41768.0,65.6,Electronics,4,19653.77,3.8,57,78615.08
CUST1127,28,Male,Mumbai,,66.0,Home & Kitchen,4,2492.32,4.3,5,9969.28
CUST1128,36,Female,Delhi,88038.0,46.3,Toys,1,685.03,2.7,1,685.03
CUST1129,28,Female,Jaipur,50342.0,100.0,Sports,3,3372.24,4.2,81,10116.72
CUST1130,18,Male,Gwalior,62659.0,78.9,Sports,3,1643.0,4.5,22,4929.0
CUST1131,35,Female,Lucknow,106386.0,43.3,Fashion,4,852.46,4.5,23,3409.84
CUST1132,22,Female,Delhi,37348.0,52.9,Grocery,4,487.94,4.3,46,1951.76
CUST1133,40,Female,Jaipur,57256.0,75.7,Grocery,2,768.58,2.8,11,1537.16
CUST1134,23,Male,Bengaluru,67537.0,52.8,Electronics,2,20941.28,3.8,20,41882.56
CUST1135,53,Male,Jaipur,103856.0,14.8,Electronics,3,12545.45,4.2,104,37636.35
CUST1136,25,Male,Lucknow,60591.0,62.3,Toys,2,1355.45,5.0,33,2710.9
CUST1137,31,Female,Delhi,56659.0,79.5,Fashion,3,871.27,3.9,5,2613.81
CUST1138,44,Male,Lucknow,100040.0,36.8,Fashion,6,1256.29,4.3,4,7537.74
CUST1139,20,Male,Mumbai,40706.0,59.4,Electronics,5,10691.79,3.1,7,53458.95
CUST1140,37,Male,Mumbai,54464.0,77.6,Books,4,382.08,2.9,44,1528.32
CUST1141,50,Female,Delhi,107610.0,10.2,Home & Kitchen,5,2585.52,2.7,11,12927.6
CUST1142,18,Male,Bengaluru,66814.0,58.2,Beauty,1,1186.5,3.5,1,1186.5
CUST1143,37,Female,Gwalior,71719.0,45.0,Books,1,334.8,5.0,87,334.8
CUST1144,38,Female,Bengaluru,74128.0,44.6,Fashion,1,1585.78,3.5,6,1585.78
CUST1145,44,Male,Bengaluru,78788.0,58.6,Home & Kitchen,2,2455.28,4.2,0,4910.56
CUST1146,20,Female,Indore,47944.0,50.7,Electronics,3,8285.86,4.4,8,24857.58
CUST1147,19,Male,Jaipur,54860.0,98.9,Electronics,2,11466.62,2.9,8,22933.24
CUST1148,41,Female,Mumbai,36256.0,46.0,Sports,2,1888.31,3.5,16,3776.62
CUST1149,38,Male,Delhi,56493.0,51.8,Sports,1,1872.2,4.5,76,1872.2
CUST1150,38,Female,Delhi,76549.0,53.2,Fashion,4,1519.18,4.3,63,6076.72
CUST1151,39,Female,Gwalior,51205.0,77.3,Fashion,4,1546.1,2.1,18,6184.4
CUST1152,26,Female,Gwalior,58538.0,59.2,Home & Kitchen,3,2103.02,4.4,16,6309.06
CUST1153,37,Female,Delhi,60133.0,58.7,Electronics,3,19965.24,3.4,24,59895.72
CUST1154,38,Male,Delhi,87905.0,44.9,Fashion,2,939.58,3.4,8,1879.16
CUST1155,26,Female,Lucknow,83154.0,37.1,Fashion,1,1124.21,4.3,2,1124.21
CUST1156,57,Female,Bengaluru,75067.0,72.8,Fashion,2,4560.58,5.0,84,9121.16
CUST1157,40,Female,Delhi,61833.0,73.4,Sports,1,1320.42,3.7,6,1320.42
CUST1158,20,Male,Bengaluru,49143.0,84.2,Fashion,5,872.81,5.0,7,4364.05
CUST1159,42,Female,Gwalior,99683.0,10.7,Electronics,3,16098.04,2.6,19,48294.12
CUST1160,23,Female,Mumbai,53197.0,63.8,Grocery,2,261.41,4.0,20,522.82
CUST1161,44,Female,Pune,73501.0,43.6,Books,6,364.07,3.4,1,2184.42
CUST1162,48,Male,Mumbai,54626.0,46.0,Fashion,2,3538.83,4.2,5,7077.66
CUST1163,25,Female,Mumbai,57291.0,68.4,Electronics,3,6468.42,3.6,14,19405.26
CUST1164,46,Male,Lucknow,77671.0,36.0,Fashion,4,678.87,2.7,35,2715.48
CUST1165,39,Female,Jaipur,52375.0,77.7,Beauty,2,494.09,3.1,8,988.18
CUST1166,44,Male,Pune,80014.0,24.5,Home & Kitchen,2,3580.97,2.4,16,7161.94
CUST1167,57,Female,Bengaluru,66828.0,85.3,Sports,3,3136.34,2.7,24,9409.02
CUST1168,32,Female,Pune,77318.0,29.8,Toys,2,651.69,4.3,66,1303.38
CUST1169,25,Male,Delhi,74662.0,52.0,Sports,2,2628.55,3.7,12,5257.1
CUST1170,24,Female,Mumbai,56943.0,76.5,Home & Kitchen,3,4359.65,4.1,4,13078.95
CUST1171,25,Male,Gwalior,55791.0,52.9,Grocery,1,1226.44,5.0,20,1226.44
CUST1172,34,Female,Mumbai,48880.0,84.0,Electronics,4,10873.98,3.6,41,43495.92
CUST1173,39,Female,Bengaluru,57713.0,39.5,Toys,2,318.63,4.5,3,637.26
CUST1174,38,Female,Delhi,66412.0,80.8,Grocery,2,432.07,3.9,17,864.14
CUST1175,44,Female,Lucknow,74540.0,48.4,Electronics,2,10116.67,5.0,1,20233.34
CUST1176,35,Female,Jaipur,58353.0,50.4,Beauty,4,811.45,1.2,1,3245.8
CUST1177,52,Male,Indore,49586.0,62.7,Fashion,4,1391.42,3.3,20,5565.68
CUST1178,31,Male,Bengaluru,51279.0,81.3,Home & Kitchen,2,3911.22,,11,7822.44
CUST1179,67,Female,Jaipur,84459.0,29.7,Home & Kitchen,3,4162.28,3.2,56,12486.84
CUST1180,42,Female,Gwalior,62715.0,44.1,Grocery,3,560.18,4.4,28,1680.54
CUST1181,24,Female,Indore,50746.0,63.2,Sports,3,3103.53,3.8,18,9310.59
CUST1182,22,Female,Gwalior,54021.0,43.4,Fashion,2,1730.71,4.7,16,3461.42
CUST1183,40,Male,Indore,69129.0,85.3,Grocery,3,615.68,2.9,21,1847.04
CUST1184,32,Female,Delhi,67208.0,43.8,Home & Kitchen,3,3592.72,4.1,1,10778.16
CUST1185,43,Male,Jaipur,95334.0,46.5,Beauty,1,926.39,4.3,67,926.39
CUST1186,40,Female,Lucknow,45071.0,75.5,Sports,4,4555.21,4.0,191,18220.84
CUST1187,34,Male,Gwalior,40412.0,57.7,Grocery,2,337.5,4.0,6,675.0
CUST1188,24,Male,Mumbai,40976.0,74.9,Home & Kitchen,5,2034.44,5.0,4,10172.2
CUST1189,18,Male,Lucknow,36239.0,92.9,Electronics,4,11407.82,2.4,5,45631.28
CUST1190,29,Male,Mumbai,43528.0,69.6,Toys,5,953.74,4.0,32,4768.7
CUST1191,45,Female,Jaipur,59030.0,82.0,Grocery,4,996.37,2.8,32,3985.48
CUST1192,37,Male,Bengaluru,54797.0,82.3,Beauty,1,7030.960133200812,4.6,57,891.26
CUST1193,20,Male,Mumbai,50420.0,84.0,Electronics,3,6793.83,3.1,42,20381.49
CUST1194,37,Male,Delhi,76231.0,38.5,Fashion,3,2101.12,1.7,18,6303.36
CUST1195,39,Male,Delhi,57427.0,42.4,Grocery,2,811.52,4.6,28,1623.04
CUST1196,24,Male,Indore,56217.0,51.8,Books,2,183.96,3.7,35,367.92
CUST1197,36,Male,Mumbai,59581.0,63.7,Grocery,2,599.09,4.2,22,1198.18
CUST1198,35,Female,Bengaluru,56108.0,72.7,Books,5,211.75,5.0,19,1058.75
CUST1199,21,Female,Mumbai,43216.0,34.1,Grocery,2,459.93,4.2,31,919.86
CUST1200,39,Female,Bengaluru,73637.0,48.7,Grocery,3,418.14,4.1,24,1254.42
CUST1201,41,Male,Jaipur,71076.0,53.8,Electronics,1,16586.89,3.9,31,16586.89
CUST1202,47,Male,Lucknow,67187.0,49.0,Sports,2,2095.68,2.9,28,4191.36
CUST1203,47,Female,Mumbai,106495.0,45.8,Fashion,5,896.94,3.7,38,4484.7
CUST1204,18,Male,Jaipur,55195.0,71.2,Books,1,568.78,5.0,31,568.78
CUST1205,23,Male,Indore,88382.0,60.7,Books,3,225.41,3.6,22,676.23
CUST1206,41,Male,Bengaluru,73331.0,45.2,Toys,1,912.93,3.8,34,912.93
CUST1207,41,Male,Lucknow,85602.0,56.2,Grocery,4,433.25,5.0,18,1733.0
CUST1208,41,Male,Delhi,76057.0,76.4,Beauty,3,777.53,2.5,8,2332.59
CUST1209,70,Male,Gwalior,62176.0,81.7,Sports,3,2446.98,4.5,0,7340.94
CUST1210,41,Female,Jaipur,70495.0,31.7,Electronics,3,14783.13,2.5,25,44349.39
CUST1211,48,Female,Mumbai,59096.0,56.0,Home & Kitchen,2,4267.71,4.3,27,8535.42
CUST1212,46,Female,Jaipur,80187.0,37.4,Electronics,3,11611.61,3.9,107,34834.83
CUST1213,42,Female,Jaipur,58690.0,69.6,Grocery,3,678.25,4.5,13,2034.75
CUST1214,31,Female,Gwalior,53289.0,77.5,Electronics,4,10072.53,3.0,15,40290.12
CUST1215,44,Female,Jaipur,68735.0,37.7,Electronics,4,12906.13,3.4,7,51624.52
CUST1216,25,Female,Mumbai,76875.0,47.5,Fashion,2,1788.29,4.5,2,3576.58
CUST1217,32,Male,Bengaluru,63041.0,21.0,Grocery,4,576.86,3.4,44,2307.44
CUST1218,29,Male,Pune,78593.0,70.9,Home & Kitchen,4,1215.06,4.6,9,4860.24
CUST1219,35,Male,Lucknow,71656.0,41.2,Electronics,5,13701.36,4.1,28,68506.8
CUST1220,62,Female,Gwalior,90239.0,36.6,Grocery,1,694.2,3.5,35,694.2
CUST1221,18,Female,Mumbai,48859.0,63.1,Electronics,2,9141.62,3.6,19,18283.24
CUST1222,43,Male,Pune,70172.0,72.3,Home & Kitchen,1,1495.61,3.9,63,1495.61
CUST1223,18,Female,Indore,13942.0,45.6,Home & Kitchen,2,4511.56,3.7,18,9023.12
CUST1224,29,Male,Pune,53404.0,64.8,Home & Kitchen,1,3043.08,4.6,10,3043.08
CUST1225,48,Female,Gwalior,83633.0,39.0,Beauty,3,821.2,3.6,68,2463.6
CUST1226,35,Male,Delhi,60089.0,51.6,Fashion,6,951.85,3.4,59,5711.1
CUST1227,22,Male,Mumbai,27506.0,100.0,Sports,1,1439.68,4.7,5,1439.68
CUST1228,26,Male,Indore,64308.0,40.4,Grocery,7,1010.26,3.5,1,7071.82
CUST1229,43,Male,Delhi,108118.0,35.2,Grocery,1,633.97,3.4,3,633.97
CUST1230,26,Male,Delhi,72537.0,56.2,Home & Kitchen,5,2005.83,1.7,10,10029.15
CUST1231,37,Male,Lucknow,60576.0,82.0,Electronics,3,14713.75,3.0,108,44141.25
CUST1232,35,Female,Gwalior,71675.0,38.4,Beauty,4,649.78,3.1,25,2599.12
CUST1233,27,Female,Lucknow,68332.0,39.9,Home & Kitchen,2,4556.83,3.4,14,9113.66
CUST1234,60,Male,Pune,53939.0,84.4,Fashion,5,2576.9,3.3,66,12884.5
CUST1235,42,Female,Jaipur,51760.0,74.0,Electronics,3,9957.01,4.8,18,29871.03
CUST1236,18,Female,Delhi,67475.0,26.0,Electronics,2,9331.9,3.2,11,18663.8
CUST1237,37,Male,Gwalior,57280.0,52.3,Books,1,140.36,3.3,85,140.36
CUST1238,27,Male,Indore,47085.0,77.1,Beauty,4,497.58,4.0,57,1990.32
CUST1239,45,Male,Jaipur,73231.0,64.3,Electronics,5,7022.5,2.9,56,35112.5
CUST1240,25,Male,Indore,77107.0,33.9,Fashion,3,1583.35,5.0,22,4750.05
CUST1241,33,Female,Gwalior,87150.0,1.0,Home & Kitchen,5,2194.16,4.6,47,10970.8
CUST1242,41,Male,Indore,96239.0,40.2,Sports,4,1167.67,,6,4670.68
CUST1243,45,Female,Indore,63699.0,34.9,Electronics,3,10723.54,4.8,26,32170.62
CUST1244,20,Female,Pune,66647.0,18.2,Fashion,6,1836.02,5.0,124,11016.12
CUST1245,30,Male,Indore,30937.0,32.1,Books,2,494.03,2.9,10,988.06
CUST1246,29,Female,Jaipur,87028.0,52.8,Electronics,3,5612.74,2.9,47,16838.22
CUST1247,27,Male,Bengaluru,38076.0,79.6,Fashion,3,1424.98,3.4,20,4274.94
CUST1248,56,Female,Gwalior,79300.0,40.3,Toys,2,460.02,2.6,1,920.04
CUST1249,39,Male,Mumbai,68529.0,78.0,Home & Kitchen,1,3585.8,3.2,43,3585.8
CUST1250,19,Female,Gwalior,35536.0,90.8,Fashion,4,2052.63,3.5,6,8210.52
CUST1251,46,Female,Mumbai,69550.0,81.2,Electronics,4,8378.73,4.4,30,33514.92
CUST1252,60,Male,Mumbai,71361.0,25.6,Electronics,4,8832.95,4.0,3,35331.8
CUST1253,47,Female,Gwalior,74603.0,47.5,Fashion,3,1247.27,3.8,88,3741.81
CUST1254,18,Female,Delhi,33083.0,52.2,Books,4,162.45,3.5,10,649.8
CUST1255,29,Female,Gwalior,69336.0,48.2,Grocery,4,686.3,2.7,8,2745.2
CUST1256,50,Female,Indore,65165.0,51.2,Beauty,1,806.95,4.4,4,806.95
CUST1257,26,Female,Lucknow,73550.0,60.2,Books,2,589.65,4.4,88,1179.3
CUST1258,40,Male,Gwalior,98462.0,29.8,Grocery,5,386.67,3.3,37,1933.35
CUST1259,44,Male,Lucknow,70604.0,62.5,Electronics,2,9367.61,2.9,41,18735.22
CUST1260,23,Female,Bengaluru,52459.0,78.5,Grocery,3,328.43,5.0,21,985.29
CUST1261,34,Male,Delhi,53919.0,100.0,Books,4,267.67,4.1,19,1070.68
CUST1262,18,Female,Gwalior,61571.0,52.9,Sports,2,1246.52,4.3,3,2493.04
CUST1263,22,Female,Bengaluru,50440.0,50.5,Electronics,2,17873.09,4.3,25,35746.18
CUST1264,31,Male,Indore,48718.0,73.2,Beauty,5,680.68,2.8,9,3403.4
CUST1265,20,Male,Pune,54256.0,49.9,Home & Kitchen,6,2627.31,5.0,113,15763.86
CUST1266,54,Female,Gwalior,63357.0,83.8,Books,2,343.49,3.5,48,686.98
CUST1267,18,Male,Gwalior,52814.0,60.4,Electronics,2,7221.92,4.6,16,14443.84
CUST1268,29,Female,Mumbai,66631.0,44.3,Home & Kitchen,6,2337.24,5.0,5,14023.44
CUST1269,36,Male,Delhi,54250.0,55.9,Books,1,508.32,4.0,46,508.32
CUST1270,52,Female,Delhi,62193.0,71.0,Grocery,3,370.12,2.8,4,1110.36
CUST1271,18,Male,Delhi,33499.0,78.2,Grocery,2,829.29,1.7,6,1658.58
CUST1272,48,Female,Indore,88957.0,25.1,Electronics,3,8542.2,3.9,7,25626.6
CUST1273,35,Male,Lucknow,85695.0,69.2,Fashion,3,1236.48,4.1,24,3709.44
CUST1274,23,Female,Mumbai,44438.0,56.8,Fashion,2,1854.73,3.4,46,3709.46
CUST1275,40,Male,Jaipur,69230.0,53.0,Toys,4,613.53,4.0,11,2454.12
CUST1276,37,Female,Delhi,33330.0,92.9,Fashion,4,1522.72,4.3,3,6090.88
CUST1277,27,Female,Mumbai,41263.0,45.4,Grocery,4,529.03,4.8,19,2116.12
CUST1278,35,Male,Delhi,59824.0,68.6,Beauty,2,947.8,3.7,41,1895.6
CUST1279,30,Male,Pune,42624.0,54.7,Electronics,1,4630.25,3.9,8,4630.25
CUST1280,36,Male,Lucknow,43677.0,87.7,Grocery,3,288.6,3.7,7,865.8
CUST1281,42,Female,Bengaluru,55345.0,46.2,Beauty,2,1151.45,3.9,88,2302.9
CUST1282,54,Female,Mumbai,102908.0,37.9,Books,5,605.67,3.4,92,3028.35
CUST1283,20,Female,Pune,64759.0,75.9,Home & Kitchen,5,1736.89,3.4,140,8684.45
CUST1284,60,Male,Gwalior,48901.0,84.2,Beauty,2,816.3,3.5,49,1632.6
CUST1285,18,Male,Jaipur,9742.0,100.0,Electronics,1,13501.41,4.0,6,13501.41
CUST1286,33,Female,Bengaluru,47176.0,65.9,Toys,3,1055.64,3.1,7,3166.92
CUST1287,42,Male,Mumbai,73649.0,38.5,Electronics,3,5332.58,3.5,12,15997.74
CUST1288,38,Female,Bengaluru,41606.0,100.0,Sports,5,1403.17,5.0,11,7015.85
CUST1289,27,Male,Pune,43022.0,60.8,Fashion,2,1313.16,4.7,94,2626.32
CUST1290,32,Female,Gwalior,57441.0,43.2,Toys,2,1059.83,3.0,47,2119.66
CUST1291,29,Male,Pune,72846.0,61.5,Beauty,3,2444.92,4.7,39,7334.76
CUST1292,27,Male,Delhi,75340.0,33.2,Sports,7,1825.67,4.5,6,12779.69
CUST1293,45,Female,Pune,75090.0,30.6,Fashion,2,854.43,3.8,72,1708.86
CUST1294,39,Female,Jaipur,74160.0,22.5,Grocery,1,704.75,3.3,53,704.75
CUST1295,26,Female,Indore,19797.0,83.3,Home & Kitchen,2,4240.53,3.2,5,8481.06
CUST1296,45,Male,Bengaluru,84927.0,38.4,Sports,2,2088.31,4.1,61,4176.62
CUST1297,38,Male,Bengaluru,64137.0,60.9,Electronics,1,8349.88,3.1,10,8349.88
CUST1298,44,Female,Gwalior,73487.0,66.1,Toys,2,1173.57,4.9,3,2347.14
CUST1299,42,Female,Indore,143947.0,2.1,Books,2,521.59,5.0,32,1043.18
CUST1300,25,Male,Delhi,36212.0,75.4,Fashion,5,995.05,3.9,32,4975.25
CUST1301,28,Male,Mumbai,93547.0,29.4,Sports,7,2329.65,4.9,3,16307.55
CUST1302,43,Male,Delhi,67244.0,63.2,Grocery,2,894.12,3.5,12,1788.24
CUST1303,42,Female,Gwalior,80323.0,66.4,Grocery,2,962.65,3.3,148,1925.3
CUST1304,34,Male,Pune,55490.0,65.7,Fashion,2,1460.66,4.9,34,2921.32
CUST1305,36,Male,Gwalior,54298.0,55.9,Home & Kitchen,3,2166.38,5.0,39,6499.14
CUST1306,50,Male,Indore,64464.0,38.4,Beauty,1,1470.42,5.0,7,1470.42
CUST1307,27,Male,Delhi,62320.0,31.9,Grocery,6,369.76,4.2,2,2218.56
CUST1308,41,Male,Gwalior,42662.0,85.7,Home & Kitchen,3,2979.4,4.7,10,8938.2
CUST1309,32,Male,Bengaluru,66345.0,65.1,Beauty,3,520.29,4.2,9,1560.87
CUST1310,32,Male,Gwalior,54817.0,74.3,Beauty,2,1378.22,5.0,8,2756.44
CUST1311,48,Female,Delhi,64722.0,53.7,Electronics,2,10823.16,4.3,6,21646.32
CUST1312,44,Male,Pune,61702.0,83.8,Books,2,664.41,4.6,26,1328.82
CUST1313,44,Female,Gwalior,84592.0,31.4,Grocery,7,730.33,2.9,12,5112.31
CUST1314,50,Female,Jaipur,63722.0,74.0,Fashion,3,919.59,3.7,52,2758.77
CUST1315,35,Female,Gwalior,64046.0,55.9,Fashion,2,2652.01,4.6,6,5304.02
CUST1316,43,Female,Delhi,55588.0,52.4,Grocery,1,1115.91,4.6,19,1115.91
CUST1317,31,Male,Indore,72504.0,60.5,Books,5,569.28,4.7,0,2846.4
CUST1318,38,Male,Delhi,76832.0,53.7,Fashion,1,1106.09,4.0,20,1106.09
CUST1319,33,Female,Gwalior,91957.0,40.7,Beauty,5,796.31,3.3,2,3981.55
CUST1320,36,Female,Mumbai,58368.0,62.6,Electronics,2,12718.75,3.8,114,25437.5
CUST1321,42,Female,Delhi,86728.0,37.7,Grocery,4,452.8,3.9,47,1811.2
CUST1322,25,Female,Jaipur,50797.0,100.0,Toys,3,1574.28,4.1,20,4722.84
CUST1323,60,Female,Delhi,103503.0,46.3,Sports,3,2118.86,3.0,3,6356.58
CUST1324,22,Male,Indore,46931.0,83.3,Fashion,4,508.71,3.7,27,2034.84
CUST1325,20,Male,Jaipur,55764.0,65.2,Grocery,2,687.23,3.8,43,1374.46
CUST1326,48,Female,Mumbai,66211.0,73.0,Fashion,2,1305.0,1.9,6,2610.0
CUST1327,44,Female,Jaipur,80849.0,52.4,Grocery,2,582.28,4.6,25,1164.56
CUST1328,42,Male,Mumbai,67536.0,54.2,Sports,3,1725.82,4.0,50,5177.46
CUST1329,42,Female,Lucknow,75796.0,41.7,Sports,2,2762.03,4.1,44,5524.06
CUST1330,34,Male,Gwalior,54062.0,63.1,Fashion,2,2347.47,3.4,49,4694.94
CUST1331,24,Female,Pune,59191.0,3.4,Books,2,447.95,4.4,63,895.9
CUST1332,35,Male,Mumbai,434650.64576611586,45.0,Home & Kitchen,4,2182.71,3.2,83,8730.84
CUST1333,26,Male,Mumbai,63641.0,48.1,Fashion,7,1475.4,3.3,16,10327.8
CUST1334,46,Female,Pune,86966.0,66.9,Grocery,3,604.72,4.5,25,1814.16
CUST1335,33,Male,Pune,50071.0,68.1,Home & Kitchen,1,1813.61,,47,1813.61
CUST1336,25,Female,Gwalior,38074.0,55.9,Home & Kitchen,1,3151.45,2.8,36,3151.45
CUST1337,31,Female,Gwalior,67902.0,52.6,Grocery,4,721.22,5.0,162,2884.88
CUST1338,39,Female,Pune,74514.0,29.4,Grocery,4,1111.1,3.2,0,4444.4
CUST1339,28,Male,Pune,75120.0,56.2,Electronics,5,19827.04,3.8,13,99135.2
CUST1340,25,Male,Lucknow,,81.7,Sports,3,1520.25,5.0,10,4560.75
CUST1341,37,Male,Indore,,65.7,Home & Kitchen,1,3470.89,2.0,9,3470.89
CUST1342,37,Female,Lucknow,33756.0,66.6,Electronics,3,8203.21,2.4,8,24609.63
CUST1343,28,Female,Pune,49604.0,68.7,Sports,4,2641.96,4.3,37,10567.84
CUST1344,29,Female,Delhi,67101.0,29.5,Toys,3,650.65,1.7,3,1951.95
CUST1345,37,Female,Gwalior,54244.0,77.0,Toys,2,531.29,2.1,41,1062.58
CUST1346,18,Female,Indore,71643.0,59.8,Fashion,3,1677.8,5.0,35,5033.4
CUST1347,18,Female,Pune,39753.0,84.9,Electronics,3,4116.81,3.5,9,12350.43
CUST1348,26,Male,Gwalior,80273.0,43.6,Grocery,2,297.83,5.0,9,595.66
CUST1349,32,Female,Mumbai,38428.0,84.5,Electronics,2,11177.58,3.0,30,22355.16
CUST1350,38,Male,Lucknow,71303.0,79.6,Toys,5,826.82,3.6,43,4134.1
CUST1351,52,Female,Bengaluru,33262.0,76.1,Electronics,3,10351.99,4.4,63,31055.97
CUST1352,45,Female,Mumbai,79963.0,46.3,Fashion,5,797.47,4.3,57,3987.35
CUST1353,33,Female,Mumbai,36702.0,58.9,Grocery,2,432.58,3.7,100,865.16
CUST1354,34,Male,Delhi,79808.0,28.3,Grocery,2,701.64,3.3,26,1403.28
CUST1355,22,Male,Mumbai,58201.0,63.0,Sports,4,2524.04,4.1,72,10096.16
CUST1356,34,Male,Mumbai,64054.0,76.4,Grocery,3,596.12,5.0,50,1788.36
CUST1357,31,Male,Gwalior,95577.0,26.7,Electronics,2,19060.92,4.6,68,38121.84
CUST1358,38,Male,Indore,48144.0,65.0,Fashion,2,1758.43,3.3,0,3516.86
CUST1359,25,Female,Mumbai,77433.0,38.5,Grocery,2,444.94,3.0,101,889.88
CUST1360,41,Female,Jaipur,87294.0,28.3,Electronics,2,10726.38,3.3,19,21452.76
CUST1361,53,Male,Jaipur,72462.0,55.1,Home & Kitchen,1,1426.39,2.8,48,1426.39
CUST1362,33,Male,Delhi,,4.0,Home & Kitchen,4,2394.17,4.0,4,9576.68
CUST1363,39,Male,Pune,54219.0,87.5,Beauty,5,1404.22,4.6,15,7021.1
CUST1364,43,Female,Mumbai,58611.0,48.9,Toys,2,1052.29,3.8,10,2104.58
CUST1365,30,Male,Jaipur,59893.0,72.9,Books,4,700.83,5.0,10,2803.32
CUST1366,37,Female,Delhi,50772.0,44.3,Toys,1,708.72,5.0,4,708.72
CUST1367,35,Male,Pune,43029.0,85.4,Fashion,4,2570.0,4.2,49,10280.0
CUST1368,36,Female,Bengaluru,80751.0,55.3,Electronics,2,11107.1,4.5,0,22214.2
CUST1369,25,Female,Delhi,45677.0,78.2,Fashion,3,2702.29,3.1,11,8106.87
CUST1370,35,Male,Gwalior,,31.7,Books,4,396.52,3.6,6,1586.08
CUST1371,40,Female,Pune,72572.0,54.2,Toys,3,1061.57,5.0,27,3184.71
CUST1372,52,Male,Indore,48901.0,47.4,Books,2,721.63,3.4,9,1443.26
CUST1373,46,Female,Delhi,73801.0,44.2,Electronics,2,11106.56,5.0,9,22213.12
CUST1374,60,Male,Pune,76384.0,65.2,Toys,3,873.03,4.9,20,2619.09
CUST1375,25,Female,Mumbai,51179.0,81.2,Grocery,2,1004.73,4.6,32,2009.46
CUST1376,45,Female,Pune,50347.0,67.8,Electronics,3,11378.27,2.8,4,34134.81
CUST1377,37,Female,Gwalior,91576.0,17.0,Grocery,3,353.74,3.6,6,1061.22
CUST1378,61,Female,Jaipur,112794.0,29.2,Electronics,4,28278.72,4.5,9,113114.88
CUST1379,25,Male,Delhi,55819.0,63.5,Home & Kitchen,6,2071.73,3.0,109,12430.38
CUST1380,24,Male,Mumbai,77045.0,4.4,Fashion,3,1598.34,3.7,15,4795.02
CUST1381,27,Male,Gwalior,49968.0,81.9,Grocery,3,952.73,4.6,27,2858.19
CUST1382,18,Male,Gwalior,52699.0,65.2,Home & Kitchen,2,1959.9,,8,3919.8
CUST1383,28,Female,Bengaluru,57746.0,83.2,Books,5,267.29,3.1,20,1336.45
CUST1384,25,Male,Delhi,66556.0,34.8,Beauty,3,996.14,2.3,2,2988.42
CUST1385,36,Female,Jaipur,80096.0,1.0,Grocery,3,292.86,3.6,1,878.58
CUST1386,39,Female,Gwalior,83724.0,45.8,Sports,1,1782.44,4.6,19,1782.44
CUST1387,57,Female,Mumbai,103272.0,30.4,Books,2,441.19,3.1,15,882.38
CUST1388,46,Male,Delhi,49385.0,37.9,Electronics,2,10771.74,3.9,4,21543.48
CUST1389,28,Female,Gwalior,46626.0,52.9,Home & Kitchen,2,1348.39,3.7,35,2696.78
CUST1390,24,Female,Gwalior,57841.0,100.0,Fashion,3,2838.1,3.3,148,8514.3
CUST1391,40,Male,Mumbai,77317.0,40.4,Electronics,4,12507.42,4.7,15,50029.68
CUST1392,19,Female,Mumbai,29168.0,97.6,Beauty,4,1595.36,5.0,29,6381.44
CUST1393,56,Female,Mumbai,111996.0,6.5,Books,5,360.48,4.8,99,1802.4
CUST1394,49,Male,Bengaluru,95958.0,1.0,Electronics,4,8439.32,3.3,53,33757.28
CUST1395,29,Male,Bengaluru,69093.0,49.5,Sports,2,2227.37,5.0,19,4454.74
CUST1396,18,Male,Gwalior,47068.0,65.4,Books,4,366.92,4.8,40,1467.68
CUST1397,51,Male,Mumbai,78774.0,37.6,Books,2,249.72,3.5,4,499.44
CUST1398,33,Male,Lucknow,43954.0,70.6,Fashion,3,2700.34,3.2,22,8101.02
CUST1399,49,Male,Bengaluru,78319.0,49.9,Books,1,311.86,4.9,10,311.86
CUST1400,18,Male,Pune,46717.0,67.7,Fashion,2,718.46,4.1,5,1436.92
CUST1401,27,Male,Delhi,41744.0,51.6,Home & Kitchen,2,4252.71,3.1,17,8505.42
CUST1402,35,Female,Indore,67825.0,62.3,Electronics,5,9807.89,3.8,4,49039.45
CUST1403,35,Female,Indore,55997.0,27.9,Electronics,2,9410.04,3.5,36,18820.08
CUST1404,29,Female,Bengaluru,25244.0,50.7,Beauty,3,444.18,3.2,18,1332.54
CUST1405,42,Male,Lucknow,60940.0,72.3,Grocery,3,1203.88,4.8,23,3611.64
CUST1406,22,Male,Gwalior,43867.0,81.8,Fashion,2,895.54,4.6,5,1791.08
CUST1407,33,Male,Gwalior,84962.0,38.8,Electronics,4,12283.86,4.7,5,49135.44
CUST1408,36,Male,Indore,93104.0,8.2,Beauty,5,1296.53,,26,6482.65
CUST1409,41,Male,Indore,51913.0,53.5,Electronics,1,14204.99,3.1,126,14204.99
CUST1410,43,Female,Gwalior,96188.0,26.1,Sports,3,1952.84,3.4,3,5858.52
CUST1411,21,Male,Delhi,25147.0,58.9,Electronics,3,6075.35,5.0,10,18226.05
CUST1412,18,Female,Gwalior,62597.0,44.4,Electronics,6,8679.96,4.0,61,52079.76
CUST1413,50,Female,Delhi,81192.0,54.6,Grocery,3,646.81,2.6,2,1940.43
CUST1414,38,Male,Indore,63752.0,82.5,Grocery,3,437.93,4.1,63,1313.79
CUST1415,26,Male,Bengaluru,78115.0,37.8,Fashion,5,1627.12,4.5,22,8135.6
CUST1416,53,Female,Delhi,55717.0,76.8,Fashion,2,1970.25,4.4,16,3940.5
CUST1417,36,Male,Mumbai,41178.0,40.4,Toys,5,1175.69,3.1,11,5878.45
CUST1418,49,Male,Gwalior,61400.0,70.5,Home & Kitchen,4,1530.84,5.0,11,6123.36
CUST1419,35,Female,Delhi,73921.0,34.2,Electronics,7,28892.01,2.5,11,202244.07
CUST1420,59,Male,Pune,55317.0,69.1,Grocery,1,815.6,4.0,65,815.6
CUST1421,56,Female,Lucknow,33238.0,76.7,Books,4,399.73,5.0,39,1598.92
CUST1422,32,Female,Jaipur,77310.0,69.7,Fashion,2,2319.33,4.4,33,4638.66
CUST1423,46,Male,Gwalior,76896.0,30.5,Electronics,2,30909.69,4.7,48,61819.38
CUST1424,42,Male,Jaipur,89513.0,47.5,Sports,3,1124.86,3.0,9,3374.58
CUST1425,51,Male,Indore,78568.0,39.9,Home & Kitchen,3,2284.59,4.2,29,6853.77
CUST1426,23,Male,Indore,45928.0,68.2,Home & Kitchen,2,965.53,3.9,18,1931.06
CUST1427,43,Male,Mumbai,82338.0,38.6,Electronics,3,12961.29,2.9,46,38883.87
CUST1428,47,Female,Mumbai,49673.0,52.8,Electronics,4,13888.54,4.7,11,55554.16
CUST1429,18,Male,Delhi,42708.0,73.4,Home & Kitchen,3,2461.14,3.2,31,7383.42
CUST1430,20,Male,Gwalior,56368.0,61.6,Fashion,3,1154.48,3.3,64,3463.44
CUST1431,18,Female,Delhi,59687.0,64.4,Grocery,5,264.31,4.3,15,1321.55
CUST1432,31,Female,Delhi,74896.0,49.4,Home & Kitchen,2,2902.88,3.8,2,5805.76
CUST1433,43,Female,Mumbai,71035.0,65.3,Fashion,1,2684.89,4.1,22,2684.89
CUST1434,53,Male,Indore,38719.0,93.4,Toys,4,631.57,3.7,13,2526.28
CUST1435,35,Female,Mumbai,54990.0,44.9,Sports,3,2384.93,5.0,33,7154.79
CUST1436,54,Female,Gwalior,80970.0,58.7,Beauty,6,480.65,3.1,90,2883.9
CUST1437,18,Male,Lucknow,44681.0,50.7,Electronics,4,107667.15491139934,3.5,20,57632.48
CUST1438,18,Male,Lucknow,43102.0,83.9,Electronics,8,10252.83,4.3,19,82022.64
CUST1439,34,Female,Indore,65481.0,66.6,Grocery,2,442.29,3.0,32,884.58
CUST1440,39,Male,Lucknow,68493.0,18.6,Electronics,5,8853.04,3.0,3,44265.2
CUST1441,34,Male,Bengaluru,65434.0,57.1,Toys,2,683.46,4.0,9,1366.92
CUST1442,18,Male,Lucknow,30761.0,74.8,Electronics,3,13983.53,4.7,75,41950.59
CUST1443,33,Male,Gwalior,56732.0,48.8,Grocery,5,354.98,4.8,33,1774.9
CUST1444,19,Female,Mumbai,66676.0,78.8,Fashion,3,1279.69,4.0,0,3839.07
CUST1445,43,Female,Delhi,69379.0,40.5,Home & Kitchen,1,2458.87,3.3,7,2458.87
CUST1446,39,Female,Gwalior,67602.0,39.2,Electronics,3,7731.41,4.1,34,23194.23
CUST1447,23,Male,Gwalior,49801.0,69.3,Grocery,3,1231.02,4.4,43,3693.06
CUST1448,28,Male,Pune,72917.0,61.8,Fashion,1,1066.16,4.1,55,1066.16
CUST1449,22,Male,Indore,29098.0,82.0,Books,2,306.03,5.0,10,612.06
CUST1450,34,Male,Bengaluru,74591.0,69.1,Electronics,4,8113.94,3.0,80,32455.76
CUST1451,46,Male,Gwalior,65858.0,64.7,Books,1,821.27,3.3,24,821.27
CUST1452,23,Female,Indore,53530.0,25.8,Sports,2,2495.05,4.9,36,4990.1
CUST1453,41,Male,Pune,89669.0,26.5,Fashion,2,1031.31,2.6,27,2062.62
CUST1454,28,Female,Mumbai,35757.0,69.1,Sports,3,3113.16,3.4,4,9339.48
CUST1455,25,Male,Pune,44928.0,80.5,Electronics,1,13003.08,3.2,99,13003.08
CUST1456,33,Male,Delhi,52122.0,18.8,Toys,1,886.71,2.5,4,886.71
CUST1457,22,Male,Delhi,34947.0,100.0,Grocery,1,522.77,3.7,9,522.77
CUST1458,28,Female,Lucknow,76563.0,56.1,Fashion,4,1111.49,4.6,50,4445.96
CUST1459,20,Female,Delhi,33258.0,83.9,Fashion,4,1716.99,4.0,29,6867.96
CUST1460,58,Female,Mumbai,75430.0,68.7,Electronics,1,9649.17,4.6,55,9649.17
CUST1461,35,Male,Jaipur,75178.0,89.8,Toys,3,1654.6,5.0,22,4963.8
CUST1462,26,Male,Pune,39163.0,92.1,Electronics,4,7222.42,3.6,14,28889.68
CUST1463,37,Female,Gwalior,56938.0,79.3,Beauty,6,1663.8,5.0,76,9982.8
CUST1464,33,Male,Gwalior,83943.0,43.0,Grocery,4,573.87,3.6,1,2295.48
CUST1465,32,Female,Gwalior,58969.0,58.1,Toys,2,901.67,3.7,58,1803.34
CUST1466,42,Male,Pune,82692.0,33.1,Fashion,4,2093.27,3.3,8,8373.08
CUST1467,44,Male,Mumbai,62659.0,42.8,Home & Kitchen,3,1942.92,4.4,57,5828.76
CUST1468,28,Male,Gwalior,29880.0,71.5,Grocery,1,847.79,3.6,4,847.79
CUST1469,28,Male,Lucknow,55458.0,39.1,Beauty,3,304.72,3.8,26,914.16
CUST1470,31,Female,Bengaluru,89583.0,34.8,Electronics,5,8997.18,3.7,66,44985.9
CUST1471,18,Male,Delhi,42511.0,43.5,Electronics,4,8291.92,3.7,19,33167.68
CUST1472,18,Male,Bengaluru,47464.0,73.3,Fashion,3,908.52,4.0,41,2725.56
CUST1473,51,Male,Pune,87373.0,37.2,Beauty,4,825.85,3.5,49,3303.4
CUST1474,54,Male,Gwalior,61209.0,61.5,Electronics,4,14002.09,3.5,40,56008.36
CUST1475,32,Female,Delhi,86680.0,29.1,Home & Kitchen,2,3311.35,4.9,78,6622.7
CUST1476,41,Female,Indore,66390.0,100.0,Fashion,2,1651.72,3.6,18,3303.44
CUST1477,38,Female,Mumbai,87499.0,62.3,Books,6,306.49,4.2,6,1838.94
CUST1478,70,Female,Bengaluru,84686.0,17.6,Toys,3,927.25,3.1,1,2781.75
CUST1479,48,Male,Mumbai,123475.0,13.2,Grocery,5,630.58,3.5,8,3152.9
CUST1480,33,Female,Gwalior,387579.5827614769,35.5,Fashion,5,2181.23,2.8,5,10906.15
CUST1481,23,Male,Gwalior,74466.0,30.0,Fashion,3,2046.72,5.0,24,6140.16
CUST1482,18,Male,Mumbai,56201.0,38.7,Electronics,3,12147.18,5.0,6,36441.54
CUST1483,37,Female,Delhi,61738.0,66.2,Fashion,4,1047.67,4.4,1,4190.68
CUST1484,25,Male,Gwalior,67214.0,41.8,Beauty,5,693.13,5.0,1,3465.65
CUST1485,18,Female,Jaipur,52095.0,83.5,Home & Kitchen,2,2006.47,4.6,53,4012.94
CUST1486,27,Male,Lucknow,27606.0,100.0,Toys,3,705.22,3.7,27,2115.66
CUST1487,22,Female,Indore,35422.0,100.0,Grocery,2,667.91,4.2,13,1335.82
CUST1488,55,Female,Jaipur,77096.0,30.8,Beauty,7,1198.07,5.0,67,8386.49
CUST1489,45,Female,Delhi,76167.0,55.4,Grocery,3,587.86,3.1,2,1763.58
CUST1490,34,Female,Lucknow,58008.0,72.8,Grocery,3,603.88,2.8,118,1811.64
CUST1491,52,Female,Gwalior,95945.0,22.5,Fashion,2,1588.5,4.3,29,3177.0
CUST1492,35,Male,Lucknow,28994.0,70.7,Grocery,5,488.12,3.4,6,2440.6
CUST1493,24,Male,Lucknow,61839.0,87.3,Grocery,3,414.38,1.9,34,1243.14
CUST1494,53,Male,Pune,47074.0,74.2,Beauty,4,445.96,2.8,43,1783.84
CUST1495,41,Female,Lucknow,74006.0,60.0,Toys,2,605.8,3.6,17,1211.6
CUST1496,22,Male,Bengaluru,47968.0,54.6,Fashion,5,1812.53,3.9,59,9062.65
CUST1497,32,Female,Delhi,68685.0,30.9,Electronics,5,9058.85,4.0,5,45294.25
CUST1498,24,Male,Mumbai,38248.0,66.9,Grocery,1,545.56,5.0,10,545.56
CUST1499,18,Male,Bengaluru,62984.0,55.2,Home & Kitchen,9,3012.78,3.7,3,27115.02
CUST1500,46,Female,Gwalior,,17.8,Electronics,4,14778.63,4.2,7,59114.52
CUST1501,57,Male,Pune,88463.0,36.8,Sports,3,1298.66,2.4,8,3895.98
CUST1502,18,Male,Lucknow,60866.0,28.7,Toys,4,1192.06,3.9,75,4768.24
CUST1503,41,Male,Gwalior,91073.0,14.8,Toys,1,9665.625598814291,4.2,2,1255.83
CUST1504,27,Female,Indore,44280.0,84.4,Electronics,3,7636.71,2.7,17,22910.13
CUST1505,29,Female,Jaipur,67112.0,65.0,Books,3,287.7,3.1,23,863.1
CUST1506,27,Male,Lucknow,84731.0,33.0,Beauty,2,1449.29,4.3,69,2898.58
CUST1507,24,Male,Lucknow,62958.0,39.1,Grocery,4,565.77,3.4,182,2263.08
CUST1508,35,Male,Bengaluru,50707.0,48.7,Home & Kitchen,3,1028.79,3.8,42,3086.37
CUST1509,25,Female,Lucknow,56201.0,56.1,Sports,3,1142.56,4.4,106,3427.68
CUST1510,38,Female,Indore,60062.0,71.3,Grocery,3,543.04,5.0,46,1629.12
CUST1511,34,Male,Gwalior,64282.0,73.1,Fashion,4,942.0,3.7,99,3768.0
CUST1512,32,Male,Mumbai,66997.0,45.3,Grocery,4,508.55,5.0,37,2034.2
CUST1513,24,Male,Pune,29350.0,63.6,Home & Kitchen,4,2532.61,2.1,2,10130.44
CUST1514,28,Female,Delhi,38082.0,82.1,Electronics,2,21537.78,4.0,15,43075.56
CUST1515,44,Female,Pune,61067.0,44.1,Books,3,356.13,3.6,31,1068.39
CUST1516,41,Male,Pune,86124.0,29.6,Beauty,4,1382.17,3.4,13,5528.68
CUST1517,23,Male,Gwalior,33397.0,100.0,Home & Kitchen,1,4427.32,,10,4427.32
CUST1518,36,Male,Bengaluru,70854.0,66.0,Electronics,4,21298.37,3.7,26,85193.48
CUST1519,44,Female,Indore,70532.0,54.2,Home & Kitchen,2,2801.61,2.1,81,5603.22
CUST1520,18,Male,Mumbai,43571.0,50.0,Electronics,2,5471.71,2.5,1,10943.42
CUST1521,41,Female,Gwalior,55048.0,67.6,Electronics,1,14428.95,4.5,44,14428.95
CUST1522,27,Female,Gwalior,65653.0,74.4,Grocery,3,912.59,,38,2737.77
CUST1523,41,Male,Mumbai,87629.0,30.9,Grocery,4,580.86,4.6,100,2323.44
CUST1524,25,Male,Lucknow,54782.0,88.3,Home & Kitchen,3,5023.49,4.0,80,15070.47
CUST1525,18,Male,Delhi,34211.0,100.0,Electronics,5,16925.82,3.7,43,84629.1
CUST1526,18,Female,Pune,50303.0,97.5,Grocery,2,753.13,3.8,22,1506.26
CUST1527,35,Female,Delhi,56754.0,67.9,Electronics,3,18531.26,4.4,7,55593.78
CUST1528,38,Female,Delhi,68823.0,63.3,Toys,2,914.12,2.8,24,1828.24
CUST1529,24,Female,Jaipur,58206.0,86.7,Home & Kitchen,3,922.35,3.9,43,2767.05
CUST1530,42,Male,Indore,41039.0,83.0,Beauty,5,737.11,2.9,68,3685.55
CUST1531,18,Female,Gwalior,61990.0,49.2,Fashion,1,2421.37,4.0,47,2421.37
CUST1532,34,Female,Mumbai,56987.0,54.1,Electronics,4,8687.37,4.5,7,34749.48
CUST1533,20,Male,Gwalior,37261.0,82.3,Toys,2,731.59,4.0,27,1463.18
CUST1534,27,Female,Mumbai,62336.0,34.7,Fashion,3,987.61,4.4,12,2962.83
CUST1535,35,Female,Pune,56941.0,59.7,Grocery,2,1224.76,3.3,0,2449.52
CUST1536,24,Female,Gwalior,21002.0,100.0,Home & Kitchen,3,4898.3,3.8,7,14694.9
CUST1537,30,Female,Delhi,79033.0,5.1,Electronics,4,8426.31,3.7,4,33705.24
CUST1538,47,Female,Mumbai,82783.0,69.2,Sports,4,2121.38,3.6,55,8485.52
CUST1539,28,Female,Lucknow,59280.0,80.6,Home & Kitchen,2,1904.26,3.2,9,3808.52
CUST1540,45,Male,Lucknow,84155.0,32.2,Fashion,2,14530.015767449186,3.5,10,3836.62
CUST1541,21,Male,Gwalior,28908.0,94.4,Electronics,4,14713.71,2.9,97,58854.84
CUST1542,41,Female,Indore,73771.0,48.8,Electronics,6,16603.09,2.4,14,99618.54
CUST1543,52,Male,Mumbai,74680.0,70.2,Books,2,456.79,3.3,0,913.58
CUST1544,18,Male,Mumbai,60670.0,76.9,Beauty,4,2911.89,4.5,10,11647.56
CUST1545,25,Male,Indore,18824.0,67.5,Fashion,2,994.31,4.1,4,1988.62
CUST1546,41,Male,Lucknow,63447.0,67.6,Electronics,2,6053.67,2.8,3,12107.34
CUST1547,32,Female,Lucknow,45660.0,67.6,Beauty,3,769.05,3.5,2,2307.15
CUST1548,39,Female,Bengaluru,70240.0,53.1,Home & Kitchen,1,1335.22,4.5,27,1335.22
CUST1549,27,Male,Mumbai,57189.0,48.9,Grocery,3,330.28,3.5,6,990.84
CUST1550,36,Male,Indore,58425.0,92.5,Fashion,3,1004.95,2.6,13,3014.85
CUST1551,33,Male,Delhi,71133.0,69.6,Fashion,2,1037.27,5.0,59,2074.54
CUST1552,49,Female,Bengaluru,95512.0,18.1,Beauty,5,614.34,3.7,17,3071.7
CUST1553,38,Female,Mumbai,61774.0,34.4,Toys,6,984.27,2.9,74,5905.62
CUST1554,39,Male,Pune,,36.8,Electronics,3,9800.48,4.1,21,29401.44
CUST1555,30,Female,Delhi,56117.0,70.7,Home & Kitchen,2,2326.78,3.8,15,4653.56
CUST1556,29,Female,Gwalior,10181.0,100.0,Grocery,3,858.02,2.5,42,2574.06
CUST1557,29,Female,Lucknow,53448.0,87.6,Grocery,4,441.6,4.0,2,1766.4
CUST1558,39,Female,Gwalior,49387.0,82.5,Fashion,1,1349.38,4.8,3,1349.38
CUST1559,29,Male,Bengaluru,31893.0,99.7,Sports,2,2315.1,3.7,32,4630.2
CUST1560,38,Female,Delhi,51982.0,72.1,Grocery,6,275.97,2.0,20,1655.82
CUST1561,59,Male,Gwalior,82391.0,16.9,Home & Kitchen,4,963.03,4.2,47,3852.12
CUST1562,45,Female,Gwalior,88492.0,33.5,Fashion,1,1722.73,4.4,74,1722.73
CUST1563,31,Female,Gwalior,78282.0,64.2,Electronics,5,14610.09,3.4,15,73050.45
CUST1564,49,Female,Jaipur,60465.0,58.5,Electronics,3,27401.42,3.4,27,82204.26
CUST1565,30,Female,Delhi,64157.0,65.5,Beauty,3,958.75,5.0,21,2876.25
CUST1566,18,Male,Lucknow,53830.0,59.0,Electronics,2,16656.53,3.3,120,33313.06
CUST1567,22,Female,Bengaluru,41921.0,55.7,Beauty,5,832.31,2.9,53,4161.55
CUST1568,18,Female,Mumbai,30209.0,81.4,Grocery,2,675.75,3.9,73,1351.5
CUST1569,30,Female,Bengaluru,28021.0,90.9,Grocery,2,1168.92,4.4,9,2337.84
CUST1570,35,Male,Bengaluru,54015.0,52.8,Grocery,4,256.55,4.4,44,1026.2
CUST1571,55,Male,Indore,92158.0,29.8,Fashion,3,1769.88,1.7,9,5309.64
CUST1572,38,Male,Delhi,64304.0,39.4,Electronics,3,28194.91,3.3,7,84584.73
CUST1573,32,Female,Mumbai,53345.0,85.3,Fashion,2,1679.14,4.9,87,3358.28
CUST1574,44,Female,Jaipur,51253.0,61.5,Beauty,3,1741.71,4.2,1,5225.13
CUST1575,18,Male,Lucknow,50453.0,93.6,Beauty,3,699.74,2.8,101,2099.22
CUST1576,37,Male,Jaipur,65067.0,83.3,Fashion,2,1480.89,5.0,5,2961.78
CUST1577,44,Female,Mumbai,80026.0,42.3,Grocery,3,608.1,4.8,51,1824.3
CUST1578,18,Female,Indore,33562.0,62.8,Electronics,2,4942.49,3.6,10,9884.98
CUST1579,48,Female,Mumbai,57578.0,24.2,Fashion,4,940.07,4.7,13,3760.28
CUST1580,39,Female,Mumbai,47292.0,43.5,Electronics,1,7738.1,5.0,7,7738.1
CUST1581,30,Male,Delhi,66052.0,30.2,Books,2,555.73,3.0,26,1111.46
CUST1582,42,Male,Bengaluru,84288.0,65.2,Fashion,3,2126.18,4.4,13,6378.54
CUST1583,62,Female,Gwalior,89613.0,38.2,Fashion,4,1707.58,5.0,32,6830.32
CUST1584,37,Female,Delhi,79949.0,50.8,Fashion,4,2085.7,4.5,0,8342.8
CUST1585,37,Female,Jaipur,77763.0,5.6,Electronics,1,11237.39,3.2,2,11237.39
CUST1586,29,Female,Delhi,38718.0,55.3,Home & Kitchen,2,4043.31,4.1,3,8086.62
CUST1587,24,Female,Gwalior,58589.0,76.9,Electronics,3,12042.26,5.0,16,36126.78
CUST1588,44,Male,Gwalior,61266.0,63.9,Electronics,1,12280.99,3.0,51,12280.99
CUST1589,24,Male,Lucknow,84919.0,37.2,Home & Kitchen,3,2248.03,3.9,66,6744.09
CUST1590,35,Male,Bengaluru,46363.0,80.9,Fashion,4,1972.39,3.7,8,7889.56
CUST1591,29,Male,Mumbai,65631.0,84.7,Beauty,3,760.45,3.3,26,2281.35
CUST1592,40,Female,Indore,77359.0,41.9,Home & Kitchen,5,3694.57,4.1,44,18472.85
CUST1593,39,Female,Jaipur,89347.0,37.6,Fashion,3,953.71,3.8,10,2861.13
CUST1594,47,Male,Delhi,80315.0,47.0,Beauty,3,579.88,4.5,16,1739.64
CUST1595,28,Male,Pune,72315.0,93.0,Electronics,1,15797.91,4.9,22,15797.91
CUST1596,31,Female,Indore,96151.0,1.0,Home & Kitchen,1,2413.01,2.8,4,2413.01
CUST1597,23,Male,Pune,39300.0,88.7,Grocery,3,500.38,4.0,1,1501.14
CUST1598,29,Female,Gwalior,29702.0,82.0,Fashion,2,2141.46,3.9,5,4282.92
CUST1599,39,Female,Jaipur,43199.0,83.4,Home & Kitchen,2,1960.87,4.1,30,3921.74
CUST1600,44,Female,Bengaluru,80433.0,31.6,Books,4,369.22,3.9,2,1476.88
CUST1601,23,Male,Delhi,19500.0,91.3,Toys,3,1400.11,3.0,6,4200.33
CUST1602,45,Male,Mumbai,67585.0,66.5,Home & Kitchen,5,4627.18,5.0,12,23135.9
CUST1603,51,Female,Gwalior,77789.0,100.0,Grocery,4,1125.39,5.0,2,4501.56
CUST1604,39,Female,Gwalior,66036.0,69.5,Fashion,3,1339.93,4.4,6,4019.79
CUST1605,57,Male,Indore,87739.0,22.3,Fashion,2,2454.07,4.4,73,4908.14
CUST1606,25,Female,Gwalior,52115.0,58.5,Grocery,2,410.49,4.0,1,820.98
CUST1607,20,Male,Mumbai,95598.0,23.2,Fashion,3,1043.63,4.8,32,3130.89
CUST1608,18,Female,Bengaluru,28792.0,52.4,Books,6,156.22,1.7,15,937.32
CUST1609,52,Male,Gwalior,62762.0,51.6,Fashion,5,2928.86,3.9,34,14644.3
CUST1610,42,Female,Lucknow,53031.0,78.6,Fashion,2,1061.7,3.4,27,2123.4
CUST1611,34,Male,Delhi,79778.0,21.0,Grocery,1,570.39,4.0,8,570.39
CUST1612,38,Male,Delhi,77140.0,65.0,Sports,1,1389.6,4.9,56,1389.6
CUST1613,21,Male,Delhi,57335.0,70.7,Beauty,6,1188.52,3.9,20,7131.12
CUST1614,64,Male,Delhi,100522.0,14.2,Home & Kitchen,5,2151.22,3.6,52,10756.1
CUST1615,36,Female,Gwalior,40010.0,73.2,Fashion,3,890.06,2.6,16,2670.18
CUST1616,36,Female,Indore,87131.0,66.9,Sports,3,2386.46,3.8,125,7159.38
CUST1617,43,Male,Lucknow,100120.0,40.9,Electronics,5,6762.65,4.5,44,33813.25
CUST1618,40,Male,Delhi,89354.0,36.5,Books,4,286.15,3.1,101,1144.6
CUST1619,37,Female,Pune,85753.0,34.9,Grocery,7,258.31,2.1,22,1808.17
CUST1620,25,Female,Indore,28834.0,86.1,Grocery,1,339.46,,19,339.46
CUST1621,40,Female,Jaipur,72689.0,40.4,Grocery,4,644.41,4.2,42,2577.64
CUST1622,57,Male,Mumbai,69198.0,14.5,Beauty,2,410.17,3.7,64,820.34
CUST1623,51,Male,Delhi,95877.0,67.9,Electronics,2,6635.6,5.0,100,13271.2
CUST1624,54,Female,Delhi,58996.0,63.4,Books,2,399.62,4.0,12,799.24
CUST1625,28,Male,Pune,83478.0,48.2,Grocery,6,482.74,5.0,48,2896.44
CUST1626,23,Female,Indore,77394.0,44.8,Fashion,7,3327.69,5.0,7,23293.83
CUST1627,33,Male,Gwalior,87815.0,24.3,Electronics,2,24989.74,2.8,24,49979.48
CUST1628,35,Female,Mumbai,69788.0,48.6,Grocery,3,424.01,4.3,6,1272.03
CUST1629,48,Male,Jaipur,56995.0,33.4,Grocery,1,749.78,5.0,13,749.78
CUST1630,18,Female,Indore,50766.0,100.0,Grocery,1,809.68,3.0,80,809.68
CUST1631,53,Male,Lucknow,94023.0,10.4,Beauty,5,708.68,3.0,5,3543.4
CUST1632,33,Female,Indore,69620.0,33.5,Grocery,3,329.87,3.2,30,989.61
CUST1633,29,Male,Mumbai,60168.0,51.7,Toys,2,796.07,4.7,27,1592.14
CUST1634,22,Female,Bengaluru,50127.0,90.9,Home & Kitchen,3,2332.99,4.2,4,6998.97
CUST1635,18,Female,Pune,32019.0,82.4,Sports,1,1680.08,2.2,12,1680.08
CUST1636,44,Female,Gwalior,50371.0,45.2,Electronics,1,14322.52,4.2,25,14322.52
CUST1637,35,Female,Bengaluru,97967.0,52.0,Grocery,3,444.36,3.7,6,1333.08
CUST1638,19,Female,Pune,33625.0,94.1,Fashion,3,946.17,3.8,48,2838.51
CUST1639,19,Female,Gwalior,45470.0,81.1,Home & Kitchen,1,2611.5,3.1,107,2611.5
CUST1640,30,Male,Indore,71030.0,63.9,Books,3,466.78,4.2,7,1400.34
CUST1641,55,Female,Bengaluru,58335.0,100.0,Electronics,2,7495.09,4.8,6,14990.18
CUST1642,31,Male,Lucknow,58576.0,100.0,Electronics,4,17394.31,3.3,18,69577.24
CUST1643,18,Male,Gwalior,87840.0,25.2,Books,5,197.01,2.4,41,985.05
CUST1644,32,Male,Delhi,62223.0,87.2,Fashion,5,1190.32,3.6,10,5951.6
CUST1645,31,Male,Bengaluru,106044.0,29.9,Beauty,3,811.75,4.6,1,2435.25
CUST1646,18,Female,Delhi,46217.0,79.8,Home & Kitchen,5,1938.28,3.5,23,9691.4
CUST1647,34,Female,Pune,75269.0,17.1,Sports,5,1595.4,2.6,94,7977.0
CUST1648,32,Female,Indore,64157.0,53.4,Electronics,3,25364.14,4.6,15,76092.42
CUST1649,43,Male,Gwalior,79840.0,29.3,Electronics,3,8538.22,5.0,16,25614.66
CUST1650,57,Male,Bengaluru,99213.0,43.3,Home & Kitchen,1,6637.79,3.9,104,6637.79
CUST1651,48,Male,Bengaluru,58797.0,80.0,Toys,5,952.85,2.5,36,4764.25
CUST1652,31,Male,Mumbai,79939.0,6.5,Grocery,4,622.51,3.6,38,2490.04
CUST1653,21,Male,Lucknow,18007.0,93.0,Fashion,3,1814.77,4.0,25,5444.31
CUST1654,65,Male,Jaipur,95708.0,51.4,Home & Kitchen,4,6877.55,3.2,110,27510.2
CUST1655,35,Male,Pune,72263.0,46.6,Toys,4,537.63,4.4,35,2150.52
CUST1656,35,Female,Pune,70084.0,64.8,Sports,3,1277.6,3.1,68,3832.8
CUST1657,34,Female,Mumbai,78968.0,50.9,Toys,7,591.5,3.9,36,4140.5
CUST1658,37,Female,Lucknow,68518.0,59.1,Electronics,2,12155.28,3.7,40,24310.56
CUST1659,33,Female,Pune,67771.0,48.7,Electronics,3,6017.06,4.5,10,18051.18
CUST1660,28,Female,Indore,39058.0,54.6,Home & Kitchen,3,2522.44,3.9,11,7567.32
CUST1661,28,Male,Jaipur,39999.0,55.6,Sports,3,3937.58,3.7,46,11812.74
CUST1662,34,Female,Delhi,76254.0,59.6,Fashion,4,1593.65,3.2,11,6374.6
CUST1663,28,Female,Indore,76889.0,46.6,Fashion,3,1334.28,3.9,25,4002.84
CUST1664,26,Male,Gwalior,46300.0,68.3,Sports,4,1561.87,3.7,9,6247.48
CUST1665,36,Male,Delhi,61596.0,50.9,Electronics,2,17189.72,3.1,51,34379.44
CUST1666,31,Female,Delhi,43417.0,67.6,Fashion,2,1078.03,4.0,4,2156.06
CUST1667,53,Male,Lucknow,90764.0,54.0,Grocery,1,1255.75,4.2,53,1255.75
CUST1668,18,Female,Jaipur,,55.2,Home & Kitchen,7,5417.5,3.6,28,37922.5
CUST1669,48,Female,Pune,114575.0,1.0,Beauty,3,997.34,4.7,6,2992.02
CUST1670,49,Male,Indore,57242.0,75.4,Fashion,7,1493.11,,23,10451.77
CUST1671,18,Male,Bengaluru,42816.0,69.9,Home & Kitchen,3,3775.58,2.7,10,11326.74
CUST1672,30,Male,Lucknow,64214.0,57.0,Home & Kitchen,2,3873.7,,12,7747.4
CUST1673,30,Male,Mumbai,66046.0,83.9,Home & Kitchen,2,1811.03,4.6,13,3622.06
CUST1674,18,Male,Mumbai,47626.0,69.3,Home & Kitchen,1,2025.2,4.8,2,2025.2
CUST1675,25,Female,Gwalior,38637.0,82.1,Fashion,3,883.84,4.3,128,2651.52
CUST1676,21,Male,Indore,62741.0,36.4,Electronics,3,14133.28,1.8,1,42399.84
CUST1677,56,Male,Indore,86276.0,34.8,Electronics,6,15667.02,4.9,33,94002.12
CUST1678,46,Male,Mumbai,62070.0,69.1,Fashion,2,874.15,4.0,14,1748.3
CUST1679,50,Female,Gwalior,98994.0,1.0,Grocery,2,500.12,4.2,31,1000.24
CUST1680,43,Male,Jaipur,81566.0,46.2,Sports,3,1166.78,4.4,13,3500.34
CUST1681,21,Male,Gwalior,49589.0,69.9,Beauty,3,628.21,5.0,34,1884.63
CUST1682,28,Female,Pune,82312.0,42.7,Sports,3,2493.17,3.4,39,7479.51
CUST1683,40,Female,Lucknow,73679.0,67.5,Fashion,1,1118.59,3.4,35,1118.59
CUST1684,20,Male,Mumbai,35651.0,85.3,Grocery,4,531.98,3.1,4,2127.92
CUST1685,43,Female,Delhi,83408.0,67.7,Grocery,4,312.94,2.9,32,1251.76
CUST1686,32,Male,Pune,31620.0,64.6,Electronics,4,12931.97,3.0,10,51727.88
CUST1687,30,Male,Indore,72126.0,52.5,Electronics,2,11789.36,2.2,1,23578.72
CUST1688,43,Male,Bengaluru,53066.0,66.9,Home & Kitchen,4,1867.7,4.3,16,7470.8
CUST1689,40,Male,Lucknow,99534.0,8.9,Toys,2,741.75,5.0,17,1483.5
CUST1690,30,Female,Gwalior,51932.0,83.5,Electronics,3,12897.39,5.0,19,38692.17
CUST1691,48,Male,Bengaluru,70182.0,93.5,Electronics,3,8662.12,3.1,37,25986.36
CUST1692,22,Male,Pune,39287.0,76.1,Sports,2,1108.09,3.7,11,2216.18
CUST1693,42,Female,Jaipur,85698.0,48.3,Fashion,6,3088.53,5.0,11,18531.18
CUST1694,42,Female,Gwalior,93635.0,34.4,Sports,2,1552.46,4.3,2,3104.92
CUST1695,31,Male,Indore,16278.0,81.9,Beauty,3,865.83,4.0,35,2597.49
CUST1696,38,Female,Bengaluru,94254.0,1.0,Toys,2,1198.65,3.7,25,2397.3
CUST1697,19,Male,Mumbai,52410.0,53.2,Grocery,5,2461.56,5.0,13,12307.8
CUST1698,46,Female,Gwalior,48865.0,43.6,Beauty,3,547.08,2.9,37,1641.24
CUST1699,32,Female,Jaipur,44053.0,100.0,Grocery,2,718.28,4.3,23,1436.56
CUST1700,28,Female,Gwalior,79665.0,42.0,Home & Kitchen,2,1883.76,4.2,19,3767.52
CUST1701,47,Male,Delhi,69931.0,45.6,Grocery,2,483.68,3.9,21,967.36
CUST1702,26,Male,Delhi,32925.0,97.5,Electronics,4,8996.38,4.6,30,35985.52
CUST1703,18,Male,Jaipur,72271.0,29.8,Grocery,2,382.48,3.9,32,764.96
CUST1704,18,Male,Pune,52804.0,51.7,Grocery,2,590.17,3.4,10,1180.34
CUST1705,42,Male,Indore,49180.0,69.7,Sports,4,1108.88,4.0,5,4435.52
CUST1706,19,Female,Delhi,73910.0,67.2,Beauty,4,1314.38,2.5,5,5257.52
CUST1707,56,Male,Pune,65763.0,64.2,Beauty,3,920.02,4.5,31,2760.06
CUST1708,18,Male,Bengaluru,60462.0,63.9,Electronics,1,14209.07,4.7,62,14209.07
CUST1709,55,Female,Jaipur,95491.0,32.8,Beauty,2,746.89,3.3,16,1493.78
CUST1710,37,Male,Jaipur,81888.0,49.5,Grocery,3,518.04,3.1,6,1554.12
CUST1711,33,Female,Gwalior,63035.0,61.0,Books,2,448.76,3.3,42,897.52
CUST1712,28,Male,Pune,78330.0,26.6,Books,1,251.1,3.8,54,251.1
CUST1713,39,Male,Gwalior,61201.0,59.7,Electronics,1,10399.01,4.1,64,10399.01
CUST1714,34,Male,Bengaluru,40701.0,55.9,Sports,1,1418.08,5.0,28,1418.08
CUST1715,48,Male,Delhi,87057.0,39.6,Electronics,3,8403.76,,59,25211.28
CUST1716,36,Female,Delhi,93794.0,24.1,Fashion,1,645.02,4.6,0,645.02
CUST1717,36,Male,Mumbai,44243.0,100.0,Home & Kitchen,1,4271.74,4.0,3,4271.74
CUST1718,30,Female,Pune,48032.0,68.6,Electronics,6,9118.37,3.1,3,54710.22
CUST1719,34,Male,Delhi,65083.0,30.5,Beauty,4,1433.31,5.0,37,5733.24
CUST1720,38,Male,Indore,80889.0,40.7,Electronics,2,18401.34,3.7,2,36802.68
CUST1721,18,Female,Mumbai,29826.0,93.3,Electronics,1,7174.31,4.2,21,7174.31
CUST1722,18,Male,Gwalior,93494.0,63.1,Home & Kitchen,3,1617.57,4.5,19,4852.71
CUST1723,43,Female,Indore,103813.0,14.1,Beauty,1,2506.38,4.0,11,2506.38
CUST1724,37,Female,Delhi,62821.0,29.1,Books,2,805.8,4.9,61,1611.6
CUST1725,32,Female,Mumbai,57981.0,76.1,Beauty,2,888.72,4.3,6,1777.44
CUST1726,35,Female,Pune,38200.0,52.4,Beauty,3,997.59,4.8,13,2992.77
CUST1727,39,Male,Delhi,73864.0,40.9,Grocery,3,466.19,4.3,45,1398.57
CUST1728,28,Male,Gwalior,99697.0,23.4,Electronics,4,14265.55,3.9,1,57062.2
CUST1729,25,Male,Mumbai,55039.0,62.5,Electronics,3,9007.29,4.0,34,27021.87
CUST1730,37,Female,Lucknow,59077.0,72.9,Home & Kitchen,3,1108.88,3.8,51,3326.64
CUST1731,23,Female,Pune,47058.0,57.8,Beauty,3,530.47,2.7,81,1591.41
CUST1732,39,Male,Pune,46366.0,65.8,Grocery,1,605.08,3.0,63,605.08
CUST1733,18,Female,Pune,55351.0,63.3,Beauty,3,572.47,4.6,12,1717.41
CUST1734,47,Male,Gwalior,81328.0,45.4,Grocery,1,584.07,2.8,26,584.07
CUST1735,40,Female,Mumbai,,79.2,Electronics,1,7807.17,3.5,2,7807.17
CUST1736,38,Male,Indore,94963.0,39.7,Electronics,5,8775.51,3.0,9,43877.55
CUST1737,46,Female,Gwalior,76166.0,62.0,Sports,3,19606.223053401256,3.5,3,8440.38
CUST1738,54,Female,Delhi,99639.0,35.1,Beauty,4,993.65,3.8,11,3974.6
CUST1739,47,Male,Delhi,54617.0,72.3,Books,5,398.46,3.5,62,1992.3
CUST1740,18,Male,Mumbai,25186.0,59.2,Electronics,5,17055.83,2.6,13,85279.15
CUST1741,19,Male,Lucknow,40085.0,76.6,Toys,2,969.57,3.7,25,1939.14
CUST1742,27,Male,Gwalior,69083.0,61.2,Fashion,4,2675.38,3.0,17,10701.52
CUST1743,35,Male,Bengaluru,83530.0,54.1,Electronics,2,9983.79,3.3,18,19967.58
CUST1744,41,Female,Gwalior,83971.0,28.2,Toys,4,673.68,,105,2694.72
CUST1745,26,Female,Lucknow,62662.0,45.8,Fashion,2,891.39,4.8,11,1782.78
CUST1746,37,Female,Gwalior,47441.0,59.5,Beauty,3,758.09,2.7,30,2274.27
CUST1747,25,Male,Mumbai,72085.0,59.8,Electronics,4,133793.9151004628,,16,70605.56
CUST1748,27,Female,Indore,40015.0,94.4,Home & Kitchen,2,4205.05,3.4,2,8410.1
CUST1749,18,Female,Pune,69571.0,44.8,Books,5,587.33,3.4,20,2936.65
CUST1750,23,Male,Mumbai,58907.0,77.0,Fashion,3,731.83,3.1,50,2195.49
CUST1751,18,Female,Delhi,83008.0,43.6,Beauty,1,1388.05,4.0,3,1388.05
CUST1752,23,Female,Mumbai,59158.0,58.2,Electronics,2,5751.72,5.0,2,11503.44
CUST1753,47,Male,Delhi,72883.0,45.7,Home & Kitchen,1,3580.63,2.5,5,3580.63
CUST1754,23,Male,Delhi,58837.0,74.2,Fashion,2,1294.79,2.0,43,2589.58
CUST1755,66,Male,Mumbai,105460.0,29.3,Fashion,5,1986.71,4.1,39,9933.55
CUST1756,40,Male,Delhi,73115.0,90.3,Fashion,3,880.28,4.4,25,2640.84
CUST1757,37,Female,Delhi,64281.0,41.0,Electronics,3,19170.52,3.9,19,57511.56
CUST1758,24,Female,Pune,40306.0,84.9,Books,2,222.62,4.4,66,445.24
CUST1759,43,Female,Lucknow,86744.0,28.9,Grocery,2,459.23,2.9,44,918.46
CUST1760,28,Male,Bengaluru,52611.0,50.1,Fashion,5,1006.25,3.0,50,5031.25
CUST1761,36,Male,Gwalior,,81.7,Grocery,5,297.44,4.0,50,1487.2
CUST1762,65,Female,Gwalior,93029.0,35.8,Fashion,2,1557.8,5.0,31,3115.6
CUST1763,33,Female,Lucknow,42621.0,100.0,Beauty,5,1853.5,4.4,18,9267.5
CUST1764,48,Male,Delhi,55053.0,60.4,Toys,1,2324.76,4.4,60,2324.76
CUST1765,26,Male,Gwalior,76846.0,26.0,Grocery,3,623.78,2.9,78,1871.34
CUST1766,34,Female,Bengaluru,29144.0,89.4,Books,1,625.24,4.3,1,625.24
CUST1767,56,Male,Pune,61981.0,20.9,Home & Kitchen,3,2743.21,2.8,2,8229.63
CUST1768,27,Male,Pune,39354.0,74.7,Electronics,2,14650.29,5.0,96,29300.58
CUST1769,56,Female,Delhi,106042.0,23.2,Beauty,4,784.88,3.0,10,3139.52
CUST1770,43,Male,Gwalior,60444.0,73.7,Grocery,4,648.69,3.2,62,2594.76
CUST1771,28,Male,Lucknow,58581.0,78.5,Beauty,1,1115.87,,15,1115.87
CUST1772,42,Male,Delhi,71203.0,41.8,Books,3,317.37,4.0,4,952.11
CUST1773,46,Male,Pune,71410.0,48.0,Grocery,1,581.69,3.9,3,581.69
CUST1774,42,Female,Pune,,44.1,Books,3,390.76,5.0,5,1172.28
CUST1775,18,Male,Bengaluru,26161.0,66.6,Sports,2,2783.5,4.6,9,5567.0
CUST1776,26,Male,Delhi,97348.0,35.5,Grocery,4,391.71,3.2,20,1566.84
CUST1777,32,Female,Delhi,104069.0,1.6,Home & Kitchen,3,2448.99,4.7,36,7346.97
CUST1778,34,Female,Bengaluru,33622.0,73.4,Fashion,2,3222.85,2.8,129,6445.7
CUST1779,42,Female,Jaipur,54207.0,46.5,Toys,3,1274.41,3.3,17,3823.23
CUST1780,37,Male,Lucknow,73331.0,59.0,Beauty,4,1543.9,4.0,22,6175.6
CUST1781,18,Male,Gwalior,26782.0,100.0,Electronics,4,12117.85,2.9,22,48471.4
CUST1782,39,Female,Gwalior,81004.0,19.6,Fashion,1,1705.51,4.9,23,1705.51
CUST1783,42,Female,Lucknow,75585.0,14.0,Home & Kitchen,2,3732.9,5.0,22,7465.8
CUST1784,41,Male,Indore,95142.0,29.4,Electronics,5,22398.83,3.6,0,111994.15
CUST1785,47,Male,Jaipur,86567.0,38.8,Electronics,4,5497.35,3.3,0,21989.4
CUST1786,45,Male,Delhi,94590.0,36.1,Grocery,2,354.52,3.8,3,709.04
CUST1787,40,Female,Bengaluru,82574.0,33.7,Fashion,1,2532.59,3.4,3,2532.59
CUST1788,34,Female,Pune,72303.0,46.3,Grocery,5,537.09,4.1,37,2685.45
CUST1789,18,Male,Pune,35124.0,86.3,Fashion,2,1146.57,2.7,7,2293.14
CUST1790,40,Male,Mumbai,53539.0,83.7,Electronics,4,7266.26,4.2,68,29065.04
CUST1791,37,Female,Gwalior,68917.0,17.5,Beauty,2,720.82,5.0,79,1441.64
CUST1792,38,Female,Bengaluru,82693.0,35.0,Grocery,3,342.4,2.1,112,1027.2
CUST1793,19,Male,Delhi,87277.0,41.8,Fashion,5,3462.2,2.8,84,17311.0
CUST1794,22,Female,Mumbai,23857.0,72.2,Fashion,2,1486.6,3.5,10,2973.2
CUST1795,47,Female,Lucknow,61439.0,89.8,Home & Kitchen,5,2442.72,4.4,21,12213.6
CUST1796,34,Male,Mumbai,60587.0,47.9,Electronics,3,15182.41,4.7,6,45547.23
CUST1797,43,Female,Jaipur,66727.0,53.7,Electronics,4,17634.28,4.6,49,70537.12
CUST1798,35,Male,Gwalior,87571.0,47.7,Electronics,5,17518.58,2.4,66,87592.9
CUST1799,35,Female,Pune,66049.0,44.3,Sports,6,3072.82,3.3,57,18436.92
CUST1800,46,Female,Lucknow,89340.0,3.1,Sports,2,1553.96,3.1,17,3107.92
CUST1801,28,Female,Gwalior,78055.0,37.6,Sports,3,1775.36,3.8,43,5326.08
CUST1802,36,Female,Gwalior,98867.0,47.2,Beauty,4,1224.16,3.9,3,4896.64
CUST1803,29,Male,Mumbai,47097.0,64.1,Beauty,1,728.83,2.7,1,728.83
CUST1804,29,Female,Gwalior,64750.0,40.8,Grocery,2,598.78,3.5,42,1197.56
CUST1805,31,Female,Indore,70945.0,67.7,Home & Kitchen,3,2932.33,4.4,17,8796.99
CUST1806,37,Male,Lucknow,67024.0,48.2,Electronics,1,16427.89,3.3,162,16427.89
CUST1807,29,Female,Mumbai,86690.0,29.3,Home & Kitchen,3,1227.79,3.7,3,3683.37
CUST1808,50,Female,Delhi,84100.0,43.2,Sports,5,2661.91,5.0,58,13309.55
CUST1809,24,Male,Mumbai,51544.785675091196,100.0,Grocery,4,546.45,5.0,20,2185.8
CUST1810,32,Female,Indore,75864.0,90.0,Fashion,3,1990.62,2.0,53,5971.86
CUST1811,29,Female,Gwalior,54488.0,79.1,Fashion,5,2046.72,4.0,51,10233.6
CUST1812,52,Male,Bengaluru,72346.0,70.8,Home & Kitchen,4,4756.24,5.0,74,19024.96
CUST1813,37,Female,Bengaluru,92412.0,24.8,Beauty,1,1546.54,4.3,11,1546.54
CUST1814,47,Male,Pune,61698.0,40.0,Books,3,685.46,3.9,90,2056.38
CUST1815,18,Male,Delhi,47332.0,71.0,Fashion,6,2672.28,5.0,5,16033.68
CUST1816,38,Male,Pune,94369.0,34.2,Sports,2,2247.23,4.1,3,4494.46
CUST1817,45,Female,Gwalior,367444.1850541083,35.9,Home & Kitchen,3,2532.39,4.5,17,7597.17
CUST1818,35,Female,Gwalior,55122.0,60.5,Books,3,567.13,3.7,53,1701.39
CUST1819,47,Male,Jaipur,68444.0,60.2,Grocery,3,804.13,4.1,19,2412.39
CUST1820,28,Male,Indore,76096.0,53.4,Grocery,2,530.23,4.3,53,1060.46
CUST1821,51,Female,Gwalior,76195.0,55.9,Home & Kitchen,3,2939.44,4.7,39,8818.32
CUST1822,62,Male,Delhi,63443.0,62.3,Beauty,1,887.45,3.5,7,887.45
CUST1823,30,Female,Delhi,49635.0,59.0,Toys,1,568.52,3.5,89,568.52
CUST1824,29,Female,Delhi,44408.0,63.0,Electronics,1,20107.46,2.2,2,20107.46
CUST1825,52,Male,Delhi,,29.6,Electronics,3,12267.9,3.6,69,36803.7
CUST1826,53,Female,Gwalior,87447.0,70.0,Toys,6,1815.46,4.8,11,10892.76
CUST1827,28,Male,Mumbai,62198.0,58.3,Grocery,4,313.17,4.3,21,1252.68
CUST1828,29,Female,Indore,29178.0,80.4,Home & Kitchen,5,2000.86,3.0,16,10004.3
CUST1829,31,Female,Bengaluru,96141.0,14.2,Grocery,2,607.88,2.2,6,1215.76
CUST1830,18,Female,Pune,51763.0,100.0,Electronics,3,18913.18,3.8,13,56739.54
CUST1831,23,Male,Gwalior,82395.0,22.6,Sports,4,2346.52,4.7,6,9386.08
CUST1832,22,Female,Lucknow,52664.0,57.9,Beauty,3,1019.01,3.5,7,3057.03
CUST1833,25,Male,Jaipur,70757.0,58.7,Fashion,4,955.58,2.6,6,3822.32
CUST1834,34,Male,Indore,78797.0,55.6,Fashion,6,944.3,3.4,20,5665.8
CUST1835,37,Male,Jaipur,85493.0,56.6,Sports,4,2275.38,4.2,48,9101.52
CUST1836,53,Female,Lucknow,90661.0,67.8,Electronics,2,6953.63,5.0,25,13907.26
CUST1837,23,Female,Bengaluru,47954.0,78.5,Books,3,323.34,3.7,67,970.02
CUST1838,46,Female,Delhi,101263.0,7.8,Fashion,2,1832.78,4.8,30,3665.56
CUST1839,32,Female,Bengaluru,72034.0,45.5,Home & Kitchen,3,1687.69,4.7,35,5063.07
CUST1840,34,Male,Indore,68219.0,58.8,Toys,2,1520.44,2.8,33,3040.88
CUST1841,43,Female,Indore,60698.0,96.5,Beauty,3,1468.46,5.0,18,4405.38
CUST1842,21,Male,Bengaluru,26813.0,61.2,Grocery,2,320.01,4.2,35,640.02
CUST1843,39,Female,Gwalior,91717.0,56.1,Beauty,4,619.83,2.8,2,2479.32
CUST1844,36,Female,Mumbai,84970.0,43.1,Fashion,4,601.19,5.0,59,2404.76
CUST1845,40,Female,Lucknow,54064.0,79.6,Fashion,4,1096.83,3.8,45,4387.32
CUST1846,38,Female,Bengaluru,64737.0,54.2,Toys,1,1086.99,2.2,8,1086.99
CUST1847,64,Male,Bengaluru,124502.0,1.0,Sports,1,1694.84,3.3,44,1694.84
CUST1848,27,Male,Delhi,86930.0,51.8,Home & Kitchen,2,3006.0,3.0,0,6012.0
CUST1849,28,Female,Mumbai,37773.0,89.4,Fashion,2,815.9,3.3,7,1631.8
CUST1850,27,Male,Jaipur,50724.0,84.7,Electronics,5,16512.15,3.5,2,82560.75
CUST1851,28,Male,Pune,44099.0,72.3,Electronics,2,9610.56,3.7,45,19221.12
CUST1852,27,Male,Indore,52797.0,54.8,Home & Kitchen,3,2512.2,3.6,42,7536.6
CUST1853,49,Female,Mumbai,65452.0,27.4,Sports,2,1927.06,3.8,50,3854.12
CUST1854,52,Male,Pune,75304.0,62.3,Home & Kitchen,3,1503.31,4.4,0,4509.93
CUST1855,28,Male,Delhi,31797.0,90.0,Sports,1,1261.01,3.2,21,1261.01
CUST1856,25,Female,Pune,45990.0,53.6,Electronics,5,17672.76,5.0,37,88363.8
CUST1857,40,Female,Mumbai,56497.0,52.9,Fashion,3,1759.56,2.8,5,5278.68
CUST1858,28,Male,Mumbai,9747.0,91.6,Fashion,1,2282.99,4.5,31,2282.99
CUST1859,42,Male,Pune,96629.0,3.8,Grocery,3,683.2,5.0,3,2049.6
CUST1860,37,Male,Lucknow,80034.0,29.0,Electronics,4,12706.36,3.7,6,50825.44
CUST1861,18,Male,Gwalior,38649.0,56.5,Toys,3,401.1,4.1,19,1203.3
CUST1862,53,Male,Jaipur,74690.0,40.6,Fashion,3,1346.24,3.0,32,4038.72
CUST1863,56,Female,Delhi,60788.0,45.9,Books,3,395.64,3.4,5,1186.92
CUST1864,27,Female,Mumbai,104216.0,1.0,Grocery,1,1310.51,5.0,6,1310.51
CUST1865,30,Female,Gwalior,84696.0,76.4,Toys,1,1053.0,,7,1053.0
CUST1866,38,Male,Delhi,66257.0,77.3,Home & Kitchen,2,4621.48,4.3,8,9242.96
CUST1867,39,Female,Bengaluru,82327.0,27.9,Toys,4,1016.0,2.2,8,4064.0
CUST1868,42,Male,Gwalior,98188.0,34.1,Electronics,5,9028.49,3.3,15,45142.45
CUST1869,59,Female,Mumbai,60261.0,67.1,Beauty,3,943.17,5.0,32,2829.51
CUST1870,32,Female,Lucknow,56770.0,83.8,Books,3,439.64,4.3,17,1318.92
CUST1871,25,Male,Gwalior,59549.0,45.4,Electronics,3,8242.01,4.4,45,24726.03
CUST1872,18,Female,Indore,41860.0,94.0,Electronics,1,10289.79,4.1,38,10289.79
CUST1873,26,Male,Mumbai,45862.0,61.2,Grocery,1,552.59,3.3,4,552.59
CUST1874,34,Female,Pune,63267.0,33.1,Toys,1,1520.6,4.2,2,1520.6
CUST1875,56,Male,Delhi,74717.0,61.1,Home & Kitchen,1,1087.62,2.5,63,1087.62
CUST1876,28,Male,Gwalior,58237.0,84.4,Grocery,2,971.9,2.5,2,1943.8
CUST1877,37,Female,Gwalior,53155.0,100.0,Electronics,3,8249.8,3.2,5,24749.4
CUST1878,34,Male,Gwalior,46740.0,48.8,Electronics,4,6931.49,4.1,1,27725.96
CUST1879,49,Female,Gwalior,64573.0,68.7,Sports,7,3206.32,2.5,30,22444.24
CUST1880,65,Male,Pune,,21.7,Electronics,4,16081.44,4.0,26,64325.76
CUST1881,28,Female,Jaipur,33469.0,95.1,Home & Kitchen,3,4129.26,3.0,130,12387.78
CUST1882,29,Female,Indore,,22.7,Books,3,551.01,3.1,65,1653.03
CUST1883,47,Male,Pune,90058.0,13.0,Fashion,1,3419.19,5.0,16,3419.19
CUST1884,43,Male,Gwalior,60316.0,45.6,Beauty,2,1125.39,3.9,14,2250.78
CUST1885,57,Male,Delhi,61766.0,59.8,Electronics,3,11271.93,3.1,11,33815.79
CUST1886,42,Male,Delhi,57984.0,49.9,Home & Kitchen,2,2867.56,4.1,5,5735.12
CUST1887,30,Male,Delhi,52813.0,77.4,Electronics,2,19733.04,2.6,4,39466.08
CUST1888,42,Female,Bengaluru,51061.0,85.4,Beauty,1,658.95,4.2,4,658.95
CUST1889,48,Female,Bengaluru,68217.0,64.0,Fashion,1,1155.7,4.9,4,1155.7
CUST1890,44,Female,Mumbai,93849.0,61.9,Grocery,4,530.25,4.5,8,2121.0
CUST1891,41,Female,Mumbai,72948.0,56.9,Home & Kitchen,2,1077.3,5.0,11,2154.6
CUST1892,47,Female,Jaipur,56168.0,41.0,Electronics,2,12681.42,2.2,98,25362.84
CUST1893,49,Female,Indore,47318.0,94.5,Beauty,5,423.24,4.0,26,2116.2
CUST1894,51,Male,Delhi,67916.0,42.6,Fashion,4,1532.18,2.7,132,6128.72
CUST1895,42,Female,Lucknow,63835.0,73.1,Beauty,3,1272.21,3.7,14,3816.63
CUST1896,32,Female,Lucknow,70983.0,79.3,Electronics,6,9916.06,3.9,18,59496.36
CUST1897,36,Female,Delhi,51332.0,74.9,Beauty,3,1760.3,5.0,12,5280.9
CUST1898,49,Male,Mumbai,80427.0,16.5,Electronics,2,6690.62,3.8,6,13381.24
CUST1899,25,Male,Bengaluru,80494.0,26.9,Grocery,5,966.26,3.8,5,4831.3
CUST1900,39,Male,Lucknow,102324.0,49.7,Fashion,5,1965.05,4.8,87,9825.25
CUST1901,30,Female,Jaipur,76028.0,43.9,Beauty,5,453.04,3.9,130,2265.2
CUST1902,35,Female,Gwalior,66634.0,55.9,Fashion,4,4436.13,5.0,1,17744.52
CUST1903,50,Male,Mumbai,66863.0,68.0,Books,2,389.93,4.5,5,779.86
CUST1904,37,Female,Bengaluru,76573.0,59.1,Books,4,281.6,4.6,17,1126.4
CUST1905,35,Male,Bengaluru,50139.0,72.7,Electronics,1,6835.1,2.2,6,6835.1
CUST1906,18,Male,Gwalior,44361.0,68.5,Home & Kitchen,1,2289.39,5.0,14,2289.39
CUST1907,43,Male,Jaipur,70109.0,46.1,Electronics,5,11403.77,3.3,4,57018.85
CUST1908,42,Female,Pune,67304.0,69.4,Grocery,6,625.15,3.9,18,3750.9
CUST1909,60,Female,Jaipur,74047.0,58.5,Beauty,3,798.93,3.3,10,2396.79
CUST1910,31,Male,Jaipur,72652.0,45.0,Beauty,2,1159.43,3.0,13,2318.86
CUST1911,37,Female,Indore,,78.5,Home & Kitchen,2,2140.93,2.8,3,4281.86
CUST1912,37,Male,Mumbai,75102.0,45.4,Fashion,2,691.76,,17,1383.52
CUST1913,53,Female,Bengaluru,67697.0,38.3,Fashion,4,1413.01,2.1,123,5652.04
CUST1914,33,Female,Gwalior,73515.0,35.3,Electronics,1,4654.88,3.7,12,4654.88
CUST1915,38,Female,Pune,55722.0,45.6,Beauty,3,1036.81,4.9,63,3110.43
CUST1916,42,Male,Gwalior,88560.0,32.0,Grocery,1,405.54,4.5,56,405.54
CUST1917,37,Female,Pune,36295.0,100.0,Beauty,3,960.77,4.3,91,2882.31
CUST1918,29,Female,Delhi,60818.0,44.6,Fashion,1,2537.29,3.1,47,2537.29
CUST1919,37,Male,Gwalior,74889.0,51.3,Fashion,6,1026.31,2.5,32,6157.86
CUST1920,47,Female,Gwalior,66995.0,42.4,Fashion,3,2293.24,4.8,58,6879.72
CUST1921,22,Male,Gwalior,54066.0,59.9,Electronics,3,73751.62369533331,3.5,2,30270.18
CUST1922,36,Female,Pune,89947.0,8.7,Fashion,8,3024.49,3.8,19,24195.92
CUST1923,26,Male,Indore,17932.0,89.5,Sports,2,1728.21,3.7,136,3456.42
CUST1924,49,Female,Bengaluru,81371.0,39.2,Books,4,285.79,4.5,44,1143.16
CUST1925,18,Female,Gwalior,14188.0,100.0,Grocery,1,789.84,5.0,98,789.84
CUST1926,28,Male,Gwalior,45160.0,75.7,Grocery,2,504.02,5.0,45,1008.04
CUST1927,39,Male,Gwalior,119510.0,1.0,Electronics,3,8570.51,,62,25711.53
CUST1928,53,Male,Gwalior,66014.0,74.5,Books,2,330.41,3.6,37,660.82
CUST1929,34,Male,Jaipur,46677.0,74.2,Electronics,3,11787.79,2.7,43,35363.37
CUST1930,28,Male,Delhi,54757.0,67.6,Toys,1,1368.52,4.7,22,1368.52
CUST1931,57,Female,Mumbai,127049.0,6.0,Grocery,2,276.8,3.9,77,553.6
CUST1932,18,Male,Gwalior,15085.0,86.4,Fashion,1,1513.91,4.4,52,1513.91
CUST1933,18,Male,Delhi,36578.0,82.5,Books,5,513.59,3.5,56,2567.95
CUST1934,40,Female,Bengaluru,90181.0,44.2,Electronics,3,12965.42,3.0,34,38896.26
CUST1935,28,Male,Bengaluru,80635.0,11.8,Home & Kitchen,2,4221.7,3.1,11,8443.4
CUST1936,22,Female,Delhi,48395.0,59.4,Home & Kitchen,1,2426.75,2.5,1,2426.75
CUST1937,43,Female,Gwalior,,64.5,Fashion,9,1393.26,2.8,82,12539.34
CUST1938,37,Female,Mumbai,96665.0,35.1,Grocery,2,760.41,2.6,26,1520.82
CUST1939,28,Female,Delhi,91702.0,55.9,Beauty,4,936.47,3.0,11,3745.88
CUST1940,19,Female,Delhi,59023.0,46.7,Beauty,3,769.88,2.9,5,2309.64
CUST1941,45,Male,Lucknow,61305.0,49.8,Electronics,2,14751.79,4.3,53,29503.58
CUST1942,42,Male,Bengaluru,67915.0,44.2,Toys,2,616.22,4.2,54,1232.44
CUST1943,33,Male,Bengaluru,52715.0,51.2,Electronics,5,9397.43,4.3,51,46987.15
CUST1944,57,Female,Mumbai,83383.0,34.8,Fashion,2,1214.42,5.0,31,2428.84
CUST1945,22,Male,Mumbai,71983.0,64.1,Fashion,2,2577.17,3.8,14,5154.34
CUST1946,18,Female,Bengaluru,57362.0,42.9,Electronics,3,3308.52,3.2,11,9925.56
CUST1947,26,Female,Pune,33844.0,88.4,Electronics,3,14057.36,5.0,0,42172.08
CUST1948,34,Female,Pune,81859.0,11.7,Toys,1,811.04,4.7,54,811.04
CUST1949,37,Female,Gwalior,66115.0,44.8,Fashion,3,765.76,4.0,3,2297.28
CUST1950,32,Male,Bengaluru,66494.0,48.7,Electronics,2,13582.71,4.0,30,27165.42
CUST1951,39,Female,Mumbai,87087.0,68.3,Electronics,4,14515.36,4.2,21,58061.44
CUST1952,19,Female,Jaipur,26571.0,81.6,Beauty,2,1139.39,3.7,22,2278.78
CUST1953,52,Male,Pune,92283.0,1.0,Books,3,138.48,4.0,78,415.44
CUST1954,34,Male,Bengaluru,63810.0,20.8,Fashion,7,2590.94,4.3,1,18136.58
CUST1955,48,Female,Gwalior,54520.0,64.8,Electronics,4,8933.53,3.2,45,35734.12
CUST1956,39,Female,Bengaluru,66199.0,65.9,Fashion,1,1974.06,2.4,2,1974.06
CUST1957,40,Female,Gwalior,110638.0,26.0,Electronics,3,16140.57,2.0,1,48421.71
CUST1958,41,Female,Delhi,47499.0,72.8,Electronics,5,8450.52,4.7,17,42252.6
CUST1959,40,Female,Gwalior,72196.0,71.0,Grocery,1,781.42,2.5,2,781.42
CUST1960,42,Male,Pune,73376.0,39.4,Fashion,4,1285.65,4.3,47,5142.6
CUST1961,50,Male,Delhi,80107.0,59.8,Grocery,3,262.01,2.9,23,786.03
CUST1962,37,Male,Mumbai,70985.0,21.6,Fashion,4,2393.03,2.9,1,9572.12
CUST1963,43,Male,Jaipur,51102.0,50.6,Toys,3,586.75,3.3,1,1760.25
CUST1964,33,Female,Delhi,66509.0,22.1,Books,4,284.2,4.1,28,1136.8
CUST1965,52,Female,Bengaluru,65354.0,50.6,Home & Kitchen,2,2127.75,2.7,49,4255.5
CUST1966,26,Female,Mumbai,21569.0,89.7,Fashion,4,1672.57,3.3,17,6690.28
CUST1967,56,Male,Gwalior,93599.0,35.0,Grocery,2,586.41,3.9,24,1172.82
CUST1968,34,Female,Indore,78126.0,46.4,Grocery,6,747.07,2.8,48,4482.42
CUST1969,18,Female,Gwalior,42655.0,57.0,Beauty,1,526.68,5.0,28,526.68
CUST1970,36,Female,Mumbai,65404.0,52.0,Grocery,7,445.85,,8,3120.95
CUST1971,26,Female,Bengaluru,67285.0,27.0,Books,4,381.86,3.7,28,1527.44
CUST1972,45,Male,Pune,75172.0,72.2,Toys,3,1709.18,5.0,30,5127.54
CUST1973,27,Male,Pune,64006.0,51.1,Fashion,4,1433.24,2.7,40,5732.96
CUST1974,29,Male,Delhi,56050.0,54.2,Home & Kitchen,2,3858.89,3.8,29,7717.78
CUST1975,18,Male,Gwalior,73558.0,77.5,Electronics,4,12186.5,4.0,104,48746.0
CUST1976,29,Male,Indore,57339.0,39.6,Fashion,2,1236.15,3.2,7,2472.3
CUST1977,18,Female,Bengaluru,,51.5,Grocery,3,543.61,3.8,91,1630.83
CUST1978,18,Female,Jaipur,23407.0,69.3,Fashion,3,1402.28,4.4,23,4206.84
CUST1979,44,Female,Jaipur,85677.0,38.0,Books,2,509.24,3.5,33,1018.48
CUST1980,44,Female,Jaipur,58130.0,69.1,Electronics,3,20795.8,4.6,3,62387.4
CUST1981,40,Male,Mumbai,56464.0,75.9,Grocery,3,692.84,4.3,14,2078.52
CUST1982,23,Female,Delhi,34372.0,100.0,Home & Kitchen,3,4019.36,3.4,44,12058.08
CUST1983,34,Male,Indore,47995.0,28.9,Beauty,6,611.84,4.9,37,3671.04
CUST1984,34,Male,Mumbai,103671.0,35.8,Grocery,2,508.3,3.2,1,1016.6
CUST1985,21,Male,Gwalior,77961.0,35.4,Books,1,299.39,4.7,24,299.39
CUST1986,53,Male,Jaipur,109375.0,9.7,Home & Kitchen,5,2835.08,3.2,3,14175.4
CUST1987,45,Male,Jaipur,47783.0,58.4,Grocery,5,519.75,3.6,165,2598.75
CUST1988,32,Male,Mumbai,55823.0,46.8,Electronics,4,16067.78,3.8,68,64271.12
CUST1989,35,Male,Gwalior,37502.0,100.0,Grocery,5,413.45,4.2,1,2067.25
CUST1990,37,Female,Mumbai,50246.0,82.8,Sports,3,2034.72,1.7,59,6104.16
CUST1991,18,Male,Indore,28594.0,85.3,Home & Kitchen,1,3290.48,4.3,76,3290.48
CUST1992,32,Male,Jaipur,74803.0,72.3,Sports,1,875.49,3.8,13,875.49
CUST1993,26,Male,Delhi,46346.0,43.5,Grocery,4,1401.9,4.2,38,5607.6
CUST1994,22,Female,Gwalior,,16.8,Electronics,5,10715.01,4.4,18,53575.05
CUST1995,31,Male,Jaipur,69502.0,13.0,Electronics,3,5338.21,4.3,32,16014.63
CUST1996,56,Male,Mumbai,124368.0,1.0,Fashion,1,1597.92,2.1,12,1597.92
CUST1997,42,Male,Bengaluru,50521.0,70.3,Beauty,1,912.12,2.9,12,912.12
CUST1998,28,Male,Lucknow,70043.0,53.6,Sports,2,1935.55,4.2,17,3871.1
CUST1999,41,Male,Gwalior,89749.0,38.7,Fashion,2,2229.87,4.1,5,4459.74
